timestamp,temperature_f
2026-05-16 00:00:00,76.748
2026-05-16 00:01:00,76.712
2026-05-16 00:02:00,76.676
2026-05-16 00:03:00,76.586
2026-05-16 00:04:00,76.586
2026-05-16 00:05:00,76.388
2026-05-16 00:06:00,76.388
2026-05-16 00:07:00,76.262
2026-05-16 00:08:00,76.262
2026-05-16 00:09:00,76.244
2026-05-16 00:10:00,76.298
2026-05-16 00:11:00,76.262
2026-05-16 00:12:00,76.262
2026-05-16 00:13:00,76.334
2026-05-16 00:14:00,76.226
2026-05-16 00:15:00,76.226
2026-05-16 00:16:00,76.226
2026-05-16 00:17:00,76.118
2026-05-16 00:18:00,76.118
2026-05-16 00:19:00,76.118
2026-05-16 00:20:00,76.154
2026-05-16 00:21:00,76.226
2026-05-16 00:22:00,76.226
2026-05-16 00:23:00,76.28
2026-05-16 00:24:00,76.28
2026-05-16 00:25:00,76.28
2026-05-16 00:26:00,76.226
2026-05-16 00:27:00,76.19
2026-05-16 00:28:00,76.1
2026-05-16 00:29:00,76.064
2026-05-16 00:30:00,76.064
2026-05-16 00:31:00,76.064
2026-05-16 00:32:00,76.046
2026-05-16 00:33:00,76.046
2026-05-16 00:34:00,76.082
2026-05-16 00:35:00,76.064
2026-05-16 00:36:00,76.082
2026-05-16 00:37:00,76.082
2026-05-16 00:38:00,76.064
2026-05-16 00:39:00,76.082
2026-05-16 00:40:00,76.082
2026-05-16 00:41:00,76.082
2026-05-16 00:42:00,76.064
2026-05-16 00:43:00,75.992
2026-05-16 00:44:00,75.992
2026-05-16 00:45:00,75.92
2026-05-16 00:46:00,75.74
2026-05-16 00:47:00,75.74
2026-05-16 00:48:00,75.722
2026-05-16 00:49:00,75.668
2026-05-16 00:50:00,75.596
2026-05-16 00:51:00,75.596
2026-05-16 00:52:00,75.578
2026-05-16 00:53:00,75.542
2026-05-16 00:54:00,75.56
2026-05-16 00:55:00,75.506
2026-05-16 00:56:00,75.506
2026-05-16 00:57:00,75.488
2026-05-16 00:58:00,75.452
2026-05-16 00:59:00,75.452
2026-05-16 01:00:00,75.452
2026-05-16 01:01:00,75.488
2026-05-16 01:02:00,75.488
2026-05-16 01:03:00,75.452
2026-05-16 01:04:00,75.362
2026-05-16 01:05:00,75.362
2026-05-16 01:06:00,75.164
2026-05-16 01:07:00,75.164
2026-05-16 01:08:00,75.11
2026-05-16 01:09:00,75.128
2026-05-16 01:10:00,75.128
2026-05-16 01:11:00,75.128
2026-05-16 01:12:00,75.146
2026-05-16 01:13:00,75.128
2026-05-16 01:14:00,75.146
2026-05-16 01:15:00,75.11
2026-05-16 01:16:00,75.056
2026-05-16 01:17:00,75.038
2026-05-16 01:18:00,75.092
2026-05-16 01:19:00,75.164
2026-05-16 01:20:00,75.092
2026-05-16 01:21:00,75.092
2026-05-16 01:22:00,75.146
2026-05-16 01:23:00,75.146
2026-05-16 01:24:00,75.11
2026-05-16 01:25:00,75.11
2026-05-16 01:26:00,75.128
2026-05-16 01:27:00,75.128
2026-05-16 01:28:00,75.164
2026-05-16 01:29:00,75.164
2026-05-16 01:30:00,75.164
2026-05-16 01:31:00,75.146
2026-05-16 01:32:00,75.146
2026-05-16 01:33:00,75.146
2026-05-16 01:34:00,75.128
2026-05-16 01:35:00,75.128
2026-05-16 01:36:00,75.056
2026-05-16 01:37:00,75.02
2026-05-16 01:38:00,75.002
2026-05-16 01:39:00,75.002
2026-05-16 01:40:00,75.002
2026-05-16 01:41:00,75.038
2026-05-16 01:42:00,74.984
2026-05-16 01:43:00,74.984
2026-05-16 01:44:00,74.93
2026-05-16 01:45:00,74.93
2026-05-16 01:46:00,74.948
2026-05-16 01:47:00,74.984
2026-05-16 01:48:00,75.002
2026-05-16 01:49:00,74.966
2026-05-16 01:50:00,74.966
2026-05-16 01:51:00,74.75
2026-05-16 01:52:00,74.786
2026-05-16 01:53:00,74.714
2026-05-16 01:54:00,74.714
2026-05-16 01:55:00,74.606
2026-05-16 01:56:00,74.606
2026-05-16 01:57:00,74.588
2026-05-16 01:58:00,74.516
2026-05-16 01:59:00,74.516
2026-05-16 02:00:00,74.498
2026-05-16 02:01:00,74.444
2026-05-16 02:02:00,74.462
2026-05-16 02:03:00,74.462
2026-05-16 02:04:00,74.408
2026-05-16 02:05:00,74.444
2026-05-16 02:06:00,74.426
2026-05-16 02:07:00,74.498
2026-05-16 02:08:00,74.498
2026-05-16 02:09:00,74.444
2026-05-16 02:10:00,74.462
2026-05-16 02:11:00,74.498
2026-05-16 02:12:00,74.462
2026-05-16 02:13:00,74.462
2026-05-16 02:14:00,74.444
2026-05-16 02:15:00,74.39
2026-05-16 02:16:00,74.3
2026-05-16 02:17:00,74.3
2026-05-16 02:18:00,74.246
2026-05-16 02:19:00,74.246
2026-05-16 02:20:00,74.192
2026-05-16 02:21:00,74.174
2026-05-16 02:22:00,74.174
2026-05-16 02:23:00,74.12
2026-05-16 02:24:00,74.12
2026-05-16 02:25:00,74.12
2026-05-16 02:26:00,74.12
2026-05-16 02:27:00,74.192
2026-05-16 02:28:00,74.192
2026-05-16 02:29:00,74.174
2026-05-16 02:30:00,74.174
2026-05-16 02:31:00,74.174
2026-05-16 02:32:00,74.21
2026-05-16 02:33:00,74.21
2026-05-16 02:34:00,74.156
2026-05-16 02:35:00,74.156
2026-05-16 02:36:00,74.156
2026-05-16 02:37:00,74.084
2026-05-16 02:38:00,74.102
2026-05-16 02:39:00,74.102
2026-05-16 02:40:00,74.048
2026-05-16 02:41:00,74.012
2026-05-16 02:42:00,74.012
2026-05-16 02:43:00,73.94
2026-05-16 02:44:00,73.796
2026-05-16 02:45:00,73.796
2026-05-16 02:46:00,73.85
2026-05-16 02:47:00,73.832
2026-05-16 02:48:00,73.886
2026-05-16 02:49:00,73.994
2026-05-16 02:50:00,73.994
2026-05-16 02:51:00,74.066
2026-05-16 02:52:00,74.102
2026-05-16 02:53:00,74.138
2026-05-16 02:54:00,74.228
2026-05-16 02:55:00,74.21
2026-05-16 02:56:00,74.228
2026-05-16 02:57:00,74.174
2026-05-16 02:58:00,74.084
2026-05-16 02:59:00,74.084
2026-05-16 03:00:00,74.066
2026-05-16 03:01:00,74.12
2026-05-16 03:02:00,74.03
2026-05-16 03:03:00,74.03
2026-05-16 03:04:00,74.03
2026-05-16 03:05:00,73.814
2026-05-16 03:06:00,73.814
2026-05-16 03:07:00,73.724
2026-05-16 03:08:00,73.724
2026-05-16 03:09:00,73.724
2026-05-16 03:10:00,73.778
2026-05-16 03:11:00,73.778
2026-05-16 03:12:00,73.778
2026-05-16 03:13:00,73.67
2026-05-16 03:14:00,73.616
2026-05-16 03:15:00,73.526
2026-05-16 03:16:00,73.598
2026-05-16 03:17:00,73.58
2026-05-16 03:18:00,73.544
2026-05-16 03:19:00,73.598
2026-05-16 03:20:00,73.562
2026-05-16 03:21:00,73.49
2026-05-16 03:22:00,73.49
2026-05-16 03:23:00,73.562
2026-05-16 03:24:00,73.58
2026-05-16 03:25:00,73.562
2026-05-16 03:26:00,73.598
2026-05-16 03:27:00,73.598
2026-05-16 03:28:00,73.58
2026-05-16 03:29:00,73.598
2026-05-16 03:30:00,73.598
2026-05-16 03:31:00,73.544
2026-05-16 03:32:00,73.526
2026-05-16 03:33:00,73.526
2026-05-16 03:34:00,73.598
2026-05-16 03:35:00,73.616
2026-05-16 03:36:00,73.616
2026-05-16 03:37:00,73.616
2026-05-16 03:38:00,73.472
2026-05-16 03:39:00,73.472
2026-05-16 03:40:00,73.472
2026-05-16 03:41:00,73.472
2026-05-16 03:42:00,73.364
2026-05-16 03:43:00,73.382
2026-05-16 03:44:00,73.22
2026-05-16 03:45:00,73.148
2026-05-16 03:46:00,73.148
2026-05-16 03:47:00,73.058
2026-05-16 03:48:00,73.094
2026-05-16 03:49:00,73.094
2026-05-16 03:50:00,73.13
2026-05-16 03:51:00,73.184
2026-05-16 03:52:00,73.202
2026-05-16 03:53:00,73.04
2026-05-16 03:54:00,73.04
2026-05-16 03:55:00,72.932
2026-05-16 03:56:00,72.968
2026-05-16 03:57:00,72.968
2026-05-16 03:58:00,72.914
2026-05-16 03:59:00,72.986
2026-05-16 04:00:00,72.986
2026-05-16 04:01:00,73.058
2026-05-16 04:02:00,73.094
2026-05-16 04:03:00,73.094
2026-05-16 04:04:00,73.04
2026-05-16 04:05:00,73.04
2026-05-16 04:06:00,73.022
2026-05-16 04:07:00,73.022
2026-05-16 04:08:00,73.022
2026-05-16 04:09:00,72.986
2026-05-16 04:10:00,72.968
2026-05-16 04:11:00,72.896
2026-05-16 04:12:00,72.896
2026-05-16 04:13:00,72.878
2026-05-16 04:14:00,72.824
2026-05-16 04:15:00,72.752
2026-05-16 04:16:00,72.662
2026-05-16 04:17:00,72.68
2026-05-16 04:18:00,72.698
2026-05-16 04:19:00,72.698
2026-05-16 04:20:00,72.68
2026-05-16 04:21:00,72.68
2026-05-16 04:22:00,72.608
2026-05-16 04:23:00,72.608
2026-05-16 04:24:00,72.662
2026-05-16 04:25:00,72.68
2026-05-16 04:26:00,72.68
2026-05-16 04:27:00,72.662
2026-05-16 04:28:00,72.752
2026-05-16 04:29:00,72.752
2026-05-16 04:30:00,72.788
2026-05-16 04:31:00,72.788
2026-05-16 04:32:00,72.77
2026-05-16 04:33:00,72.77
2026-05-16 04:34:00,72.806
2026-05-16 04:35:00,72.77
2026-05-16 04:36:00,72.734
2026-05-16 04:37:00,72.734
2026-05-16 04:38:00,72.698
2026-05-16 04:39:00,72.59
2026-05-16 04:40:00,72.59
2026-05-16 04:41:00,72.59
2026-05-16 04:42:00,72.518
2026-05-16 04:43:00,72.482
2026-05-16 04:44:00,72.464
2026-05-16 04:45:00,72.464
2026-05-16 04:46:00,72.41
2026-05-16 04:47:00,72.32
2026-05-16 04:48:00,72.32
2026-05-16 04:49:00,72.23
2026-05-16 04:50:00,72.248
2026-05-16 04:51:00,72.248
2026-05-16 04:52:00,72.302
2026-05-16 04:53:00,72.32
2026-05-16 04:54:00,72.32
2026-05-16 04:55:00,72.338
2026-05-16 04:56:00,72.338
2026-05-16 04:57:00,72.284
2026-05-16 04:58:00,72.284
2026-05-16 04:59:00,72.32
2026-05-16 05:00:00,72.374
2026-05-16 05:01:00,72.374
2026-05-16 05:02:00,72.41
2026-05-16 05:03:00,72.392
2026-05-16 05:04:00,72.41
2026-05-16 05:05:00,72.23
2026-05-16 05:06:00,72.05
2026-05-16 05:07:00,72.068
2026-05-16 05:08:00,72.014
2026-05-16 05:09:00,72.014
2026-05-16 05:10:00,72.032
2026-05-16 05:11:00,71.924
2026-05-16 05:12:00,71.87
2026-05-16 05:13:00,71.762
2026-05-16 05:14:00,71.6
2026-05-16 05:15:00,71.6
2026-05-16 05:16:00,71.51
2026-05-16 05:17:00,71.51
2026-05-16 05:18:00,71.492
2026-05-16 05:19:00,71.474
2026-05-16 05:20:00,71.474
2026-05-16 05:21:00,71.474
2026-05-16 05:22:00,71.456
2026-05-16 05:23:00,71.366
2026-05-16 05:24:00,71.33
2026-05-16 05:25:00,71.456
2026-05-16 05:26:00,71.546
2026-05-16 05:27:00,71.546
2026-05-16 05:28:00,71.51
2026-05-16 05:29:00,71.51
2026-05-16 05:30:00,71.528
2026-05-16 05:31:00,71.456
2026-05-16 05:32:00,71.456
2026-05-16 05:33:00,71.42
2026-05-16 05:34:00,71.384
2026-05-16 05:35:00,71.348
2026-05-16 05:36:00,71.33
2026-05-16 05:37:00,71.33
2026-05-16 05:38:00,71.258
2026-05-16 05:39:00,71.114
2026-05-16 05:40:00,71.114
2026-05-16 05:41:00,70.844
2026-05-16 05:42:00,70.772
2026-05-16 05:43:00,70.772
2026-05-16 05:44:00,70.772
2026-05-16 05:45:00,70.664
2026-05-16 05:46:00,70.592
2026-05-16 05:47:00,70.592
2026-05-16 05:48:00,70.61
2026-05-16 05:49:00,70.322
2026-05-16 05:50:00,70.322
2026-05-16 05:51:00,70.142
2026-05-16 05:52:00,70.142
2026-05-16 05:53:00,70.142
2026-05-16 05:54:00,70.088
2026-05-16 05:55:00,70.25
2026-05-16 05:56:00,70.25
2026-05-16 05:57:00,70.196
2026-05-16 05:58:00,70.016
2026-05-16 05:59:00,70.106
2026-05-16 06:00:00,70.232
2026-05-16 06:01:00,70.286
2026-05-16 06:02:00,70.268
2026-05-16 06:03:00,70.16
2026-05-16 06:04:00,70.214
2026-05-16 06:05:00,70.196
2026-05-16 06:06:00,70.232
2026-05-16 06:07:00,70.358
2026-05-16 06:08:00,70.412
2026-05-16 06:09:00,70.502
2026-05-16 06:10:00,70.61
2026-05-16 06:11:00,70.61
2026-05-16 06:12:00,70.646
2026-05-16 06:13:00,70.664
2026-05-16 06:14:00,70.646
2026-05-16 06:15:00,70.646
2026-05-16 06:16:00,70.628
2026-05-16 06:17:00,70.61
2026-05-16 06:18:00,70.466
2026-05-16 06:19:00,70.466
2026-05-16 06:20:00,70.394
2026-05-16 06:21:00,70.394
2026-05-16 06:22:00,70.466
2026-05-16 06:23:00,70.484
2026-05-16 06:24:00,70.484
2026-05-16 06:25:00,70.43
2026-05-16 06:26:00,70.466
2026-05-16 06:27:00,70.448
2026-05-16 06:28:00,70.412
2026-05-16 06:29:00,70.43
2026-05-16 06:30:00,70.358
2026-05-16 06:31:00,70.322
2026-05-16 06:32:00,70.232
2026-05-16 06:33:00,70.178
2026-05-16 06:34:00,70.214
2026-05-16 06:35:00,70.124
2026-05-16 06:36:00,70.196
2026-05-16 06:37:00,70.142
2026-05-16 06:38:00,70.16
2026-05-16 06:39:00,70.142
2026-05-16 06:40:00,70.16
2026-05-16 06:41:00,70.142
2026-05-16 06:42:00,69.998
2026-05-16 06:43:00,69.944
2026-05-16 06:44:00,69.8
2026-05-16 06:45:00,69.836
2026-05-16 06:46:00,69.89
2026-05-16 06:47:00,69.98
2026-05-16 06:48:00,70.016
2026-05-16 06:49:00,69.98
2026-05-16 06:50:00,70.052
2026-05-16 06:51:00,70.178
2026-05-16 06:52:00,70.394
2026-05-16 06:53:00,70.61
2026-05-16 06:54:00,70.826
2026-05-16 06:55:00,71.024
2026-05-16 06:56:00,71.186
2026-05-16 06:57:00,71.276
2026-05-16 06:58:00,71.42
2026-05-16 06:59:00,71.618
2026-05-16 07:00:00,71.888
2026-05-16 07:01:00,72.122
2026-05-16 07:02:00,72.32
2026-05-16 07:03:00,72.536
2026-05-16 07:04:00,72.734
2026-05-16 07:05:00,72.788
2026-05-16 07:06:00,73.094
2026-05-16 07:07:00,73.4
2026-05-16 07:08:00,73.598
2026-05-16 07:09:00,73.796
2026-05-16 07:10:00,73.886
2026-05-16 07:11:00,74.084
2026-05-16 07:12:00,74.282
2026-05-16 07:13:00,74.552
2026-05-16 07:14:00,74.75
2026-05-16 07:15:00,75.002
2026-05-16 07:16:00,75.2
2026-05-16 07:17:00,75.434
2026-05-16 07:18:00,75.542
2026-05-16 07:19:00,75.758
2026-05-16 07:20:00,75.992
2026-05-16 07:21:00,76.028
2026-05-16 07:22:00,76.1
2026-05-16 07:23:00,76.298
2026-05-16 07:24:00,76.424
2026-05-16 07:25:00,76.658
2026-05-16 07:26:00,76.838
2026-05-16 07:27:00,77.018
2026-05-16 07:28:00,77.054
2026-05-16 07:29:00,77.198
2026-05-16 07:30:00,77.45
2026-05-16 07:31:00,77.576
2026-05-16 07:32:00,77.72
2026-05-16 07:33:00,77.846
2026-05-16 07:34:00,77.954
2026-05-16 07:35:00,78.134
2026-05-16 07:36:00,78.296
2026-05-16 07:37:00,78.386
2026-05-16 07:38:00,78.512
2026-05-16 07:39:00,78.746
2026-05-16 07:40:00,78.818
2026-05-16 07:41:00,78.926
2026-05-16 07:42:00,79.124
2026-05-16 07:43:00,79.178
2026-05-16 07:44:00,79.304
2026-05-16 07:45:00,79.358
2026-05-16 07:46:00,79.574
2026-05-16 07:47:00,79.754
2026-05-16 07:48:00,79.988
2026-05-16 07:49:00,80.15
2026-05-16 07:50:00,80.402
2026-05-16 07:51:00,80.564
2026-05-16 07:52:00,80.708
2026-05-16 07:53:00,80.834
2026-05-16 07:54:00,80.96
2026-05-16 07:55:00,81.158
2026-05-16 07:56:00,81.356
2026-05-16 07:57:00,81.626
2026-05-16 07:58:00,81.626
2026-05-16 07:59:00,81.788
2026-05-16 08:00:00,81.932
2026-05-16 08:01:00,82.184
2026-05-16 08:02:00,82.184
2026-05-16 08:03:00,82.31
2026-05-16 08:04:00,82.49
2026-05-16 08:05:00,82.616
2026-05-16 08:06:00,82.94
2026-05-16 08:07:00,82.94
2026-05-16 08:08:00,83.012
2026-05-16 08:09:00,83.156
2026-05-16 08:10:00,83.39
2026-05-16 08:11:00,83.57
2026-05-16 08:12:00,83.714
2026-05-16 08:13:00,83.876
2026-05-16 08:14:00,84.002
2026-05-16 08:15:00,84.056
2026-05-16 08:16:00,84.164
2026-05-16 08:17:00,84.182
2026-05-16 08:18:00,84.38
2026-05-16 08:19:00,84.488
2026-05-16 08:20:00,84.542
2026-05-16 08:21:00,84.668
2026-05-16 08:22:00,85.082
2026-05-16 08:23:00,85.082
2026-05-16 08:24:00,85.226
2026-05-16 08:25:00,85.352
2026-05-16 08:26:00,85.46
2026-05-16 08:27:00,85.586
2026-05-16 08:28:00,85.622
2026-05-16 08:29:00,85.694
2026-05-16 08:30:00,85.856
2026-05-16 08:31:00,85.928
2026-05-16 08:32:00,86.054
2026-05-16 08:33:00,86.09
2026-05-16 08:34:00,86.288
2026-05-16 08:35:00,86.378
2026-05-16 08:36:00,86.468
2026-05-16 08:37:00,86.468
2026-05-16 08:38:00,86.648
2026-05-16 08:39:00,86.648
2026-05-16 08:40:00,86.846
2026-05-16 08:41:00,87.404
2026-05-16 08:42:00,87.71
2026-05-16 08:43:00,87.71
2026-05-16 08:44:00,88.016
2026-05-16 08:45:00,89.114
2026-05-16 08:46:00,89.114
2026-05-16 08:47:00,89.852
2026-05-16 08:48:00,89.852
2026-05-16 08:49:00,90.806
2026-05-16 08:50:00,90.806
2026-05-16 08:51:00,91.13
2026-05-16 08:52:00,91.22
2026-05-16 08:53:00,91.364
2026-05-16 08:54:00,91.49
2026-05-16 08:55:00,91.49
2026-05-16 08:56:00,91.58
2026-05-16 08:57:00,91.58
2026-05-16 08:58:00,90.626
2026-05-16 08:59:00,90.626
2026-05-16 09:00:00,90.122
2026-05-16 09:01:00,89.69
2026-05-16 09:02:00,89.24
2026-05-16 09:03:00,88.736
2026-05-16 09:04:00,87.998
2026-05-16 09:05:00,87.998
2026-05-16 09:06:00,87.746
2026-05-16 09:07:00,87.512
2026-05-16 09:08:00,87.206
2026-05-16 09:09:00,86.954
2026-05-16 09:10:00,86.756
2026-05-16 09:11:00,86.666
2026-05-16 09:12:00,86.558
2026-05-16 09:14:00,86.27
2026-05-16 09:15:00,86.27
2026-05-16 09:16:00,86.162
2026-05-16 09:17:00,86.054
2026-05-16 09:18:00,85.838
2026-05-16 09:19:00,85.658
2026-05-16 09:20:00,85.658
2026-05-16 09:21:00,85.46
2026-05-16 09:22:00,85.298
2026-05-16 09:23:00,85.226
2026-05-16 09:24:00,85.226
2026-05-16 09:25:00,85.1
2026-05-16 09:26:00,85.1
2026-05-16 09:27:00,84.992
2026-05-16 09:28:00,84.938
2026-05-16 09:29:00,84.992
2026-05-16 09:30:00,84.956
2026-05-16 09:31:00,84.956
2026-05-16 09:32:00,84.884
2026-05-16 09:33:00,84.866
2026-05-16 09:34:00,84.866
2026-05-16 09:35:00,84.794
2026-05-16 09:36:00,84.83
2026-05-16 09:37:00,84.884
2026-05-16 09:38:00,84.884
2026-05-16 09:39:00,84.848
2026-05-16 09:40:00,84.776
2026-05-16 09:41:00,84.758
2026-05-16 09:42:00,84.758
2026-05-16 09:43:00,84.704
2026-05-16 09:44:00,84.668
2026-05-16 09:45:00,84.668
2026-05-16 09:46:00,84.614
2026-05-16 09:47:00,84.614
2026-05-16 09:48:00,84.596
2026-05-16 09:49:00,84.542
2026-05-16 09:50:00,84.614
2026-05-16 09:51:00,84.596
2026-05-16 09:52:00,84.668
2026-05-16 09:53:00,84.686
2026-05-16 09:54:00,84.578
2026-05-16 09:55:00,84.452
2026-05-16 09:56:00,84.47
2026-05-16 09:57:00,84.47
2026-05-16 09:58:00,84.506
2026-05-16 09:59:00,84.488
2026-05-16 10:00:00,84.488
2026-05-16 10:01:00,84.398
2026-05-16 10:02:00,84.38
2026-05-16 10:03:00,84.434
2026-05-16 10:04:00,84.434
2026-05-16 10:05:00,84.488
2026-05-16 10:06:00,84.524
2026-05-16 10:07:00,84.452
2026-05-16 10:08:00,84.452
2026-05-16 10:09:00,84.452
2026-05-16 10:10:00,84.398
2026-05-16 10:11:00,84.398
2026-05-16 10:12:00,84.38
2026-05-16 10:13:00,84.326
2026-05-16 10:14:00,84.326
2026-05-16 10:15:00,84.38
2026-05-16 10:16:00,84.398
2026-05-16 10:17:00,84.416
2026-05-16 10:18:00,84.452
2026-05-16 10:19:00,84.488
2026-05-16 10:20:00,84.47
2026-05-16 10:21:00,84.47
2026-05-16 10:22:00,84.344
2026-05-16 10:23:00,84.308
2026-05-16 10:24:00,84.308
2026-05-16 10:25:00,84.326
2026-05-16 10:26:00,84.29
2026-05-16 10:27:00,84.29
2026-05-16 10:28:00,84.326
2026-05-16 10:29:00,84.344
2026-05-16 10:30:00,84.344
2026-05-16 10:31:00,84.434
2026-05-16 10:32:00,84.434
2026-05-16 10:33:00,84.434
2026-05-16 10:34:00,84.326
2026-05-16 10:35:00,84.326
2026-05-16 10:36:00,84.326
2026-05-16 10:37:00,84.326
2026-05-16 10:38:00,84.326
2026-05-16 10:39:00,84.254
2026-05-16 10:40:00,84.254
2026-05-16 10:41:00,84.254
2026-05-16 10:42:00,84.2
2026-05-16 10:43:00,84.2
2026-05-16 10:44:00,84.2
2026-05-16 10:45:00,84.218
2026-05-16 10:46:00,84.218
2026-05-16 10:47:00,84.254
2026-05-16 10:48:00,84.236
2026-05-16 10:49:00,84.254
2026-05-16 10:50:00,84.308
2026-05-16 10:51:00,84.308
2026-05-16 10:52:00,84.308
2026-05-16 10:53:00,84.308
2026-05-16 10:54:00,84.398
2026-05-16 10:55:00,84.398
2026-05-16 10:56:00,84.38
2026-05-16 10:57:00,84.38
2026-05-16 10:58:00,84.398
2026-05-16 10:59:00,84.398
2026-05-16 11:00:00,84.344
2026-05-16 11:01:00,84.326
2026-05-16 11:02:00,84.308
2026-05-16 11:03:00,84.308
2026-05-16 11:04:00,84.344
2026-05-16 11:05:00,84.344
2026-05-16 11:06:00,84.308
2026-05-16 11:07:00,84.326
2026-05-16 11:08:00,84.326
2026-05-16 11:09:00,84.344
2026-05-16 11:10:00,84.308
2026-05-16 11:11:00,84.344
2026-05-16 11:12:00,84.344
2026-05-16 11:13:00,84.38
2026-05-16 11:14:00,84.38
2026-05-16 11:15:00,84.326
2026-05-16 11:16:00,84.344
2026-05-16 11:17:00,84.344
2026-05-16 11:18:00,84.344
2026-05-16 11:19:00,84.308
2026-05-16 11:20:00,84.29
2026-05-16 11:21:00,84.2
2026-05-16 11:22:00,84.2
2026-05-16 11:23:00,84.218
2026-05-16 11:24:00,84.272
2026-05-16 11:25:00,84.308
2026-05-16 11:26:00,84.308
2026-05-16 11:27:00,84.308
2026-05-16 11:28:00,84.308
2026-05-16 11:29:00,84.326
2026-05-16 11:30:00,84.326
2026-05-16 11:31:00,84.416
2026-05-16 11:32:00,84.416
2026-05-16 11:33:00,84.416
2026-05-16 11:34:00,84.344
2026-05-16 11:35:00,84.344
2026-05-16 11:36:00,84.398
2026-05-16 11:37:00,84.416
2026-05-16 11:38:00,84.506
2026-05-16 11:39:00,84.506
2026-05-16 11:40:00,84.506
2026-05-16 11:41:00,84.524
2026-05-16 11:42:00,84.506
2026-05-16 11:43:00,84.488
2026-05-16 11:44:00,84.488
2026-05-16 11:45:00,84.488
2026-05-16 11:46:00,84.488
2026-05-16 11:47:00,84.524
2026-05-16 11:48:00,84.524
2026-05-16 11:49:00,84.47
2026-05-16 11:50:00,84.416
2026-05-16 11:51:00,84.398
2026-05-16 11:52:00,84.398
2026-05-16 11:53:00,84.452
2026-05-16 11:54:00,84.434
2026-05-16 11:55:00,84.452
2026-05-16 11:56:00,84.47
2026-05-16 11:57:00,84.488
2026-05-16 11:58:00,84.488
2026-05-16 11:59:00,84.524
2026-05-16 12:00:00,84.524
2026-05-16 12:01:00,84.542
2026-05-16 12:02:00,84.524
2026-05-16 12:03:00,84.38
2026-05-16 12:04:00,84.38
2026-05-16 12:05:00,84.38
2026-05-16 12:06:00,84.344
2026-05-16 12:07:00,84.38
2026-05-16 12:08:00,84.398
2026-05-16 12:09:00,84.344
2026-05-16 12:10:00,84.254
2026-05-16 12:11:00,84.254
2026-05-16 12:12:00,84.236
2026-05-16 12:13:00,84.308
2026-05-16 12:14:00,84.344
2026-05-16 12:15:00,84.38
2026-05-16 12:16:00,84.38
2026-05-16 12:17:00,84.344
2026-05-16 12:18:00,84.308
2026-05-16 12:19:00,84.344
2026-05-16 12:20:00,84.344
2026-05-16 12:21:00,84.344
2026-05-16 12:22:00,84.308
2026-05-16 12:23:00,84.272
2026-05-16 12:24:00,84.272
2026-05-16 12:25:00,84.29
2026-05-16 12:26:00,84.272
2026-05-16 12:27:00,84.308
2026-05-16 12:28:00,84.308
2026-05-16 12:29:00,84.236
2026-05-16 12:30:00,84.182
2026-05-16 12:31:00,84.2
2026-05-16 12:32:00,84.164
2026-05-16 12:33:00,84.164
2026-05-16 12:34:00,84.11
2026-05-16 12:35:00,84.074
2026-05-16 12:36:00,83.984
2026-05-16 12:37:00,83.984
2026-05-16 12:38:00,84.038
2026-05-16 12:39:00,84.092
2026-05-16 12:40:00,84.092
2026-05-16 12:41:00,84.11
2026-05-16 12:42:00,84.164
2026-05-16 12:43:00,84.236
2026-05-16 12:44:00,84.236
2026-05-16 12:45:00,84.308
2026-05-16 12:46:00,84.308
2026-05-16 12:47:00,84.236
2026-05-16 12:48:00,84.236
2026-05-16 12:49:00,84.38
2026-05-16 12:50:00,84.38
2026-05-16 12:51:00,84.416
2026-05-16 12:52:00,84.416
2026-05-16 12:53:00,84.56
2026-05-16 12:54:00,84.56
2026-05-16 12:55:00,84.596
2026-05-16 12:56:00,84.632
2026-05-16 12:57:00,84.65
2026-05-16 12:58:00,84.668
2026-05-16 12:59:00,84.614
2026-05-16 13:00:00,84.632
2026-05-16 13:01:00,84.65
2026-05-16 13:02:00,84.722
2026-05-16 13:03:00,84.704
2026-05-16 13:04:00,84.83
2026-05-16 13:05:00,84.83
2026-05-16 13:06:00,84.794
2026-05-16 13:07:00,84.776
2026-05-16 13:08:00,84.758
2026-05-16 13:09:00,84.686
2026-05-16 13:10:00,84.668
2026-05-16 13:11:00,84.758
2026-05-16 13:12:00,84.83
2026-05-16 13:13:00,84.794
2026-05-16 13:14:00,84.758
2026-05-16 13:15:00,84.74
2026-05-16 13:16:00,84.794
2026-05-16 13:17:00,84.74
2026-05-16 13:18:00,84.776
2026-05-16 13:19:00,84.848
2026-05-16 13:20:00,84.884
2026-05-16 13:21:00,84.866
2026-05-16 13:22:00,84.938
2026-05-16 13:23:00,84.938
2026-05-16 13:24:00,84.992
2026-05-16 13:25:00,84.956
2026-05-16 13:26:00,84.938
2026-05-16 13:27:00,84.902
2026-05-16 13:28:00,84.902
2026-05-16 13:29:00,84.92
2026-05-16 13:30:00,84.956
2026-05-16 13:31:00,84.884
2026-05-16 13:32:00,84.902
2026-05-16 13:33:00,84.902
2026-05-16 13:34:00,84.866
2026-05-16 13:35:00,84.794
2026-05-16 13:36:00,84.74
2026-05-16 13:37:00,84.74
2026-05-16 13:38:00,84.83
2026-05-16 13:39:00,84.83
2026-05-16 13:40:00,84.866
2026-05-16 13:41:00,84.866
2026-05-16 13:42:00,84.848
2026-05-16 13:43:00,84.848
2026-05-16 13:44:00,84.776
2026-05-16 13:45:00,84.74
2026-05-16 13:46:00,84.686
2026-05-16 13:47:00,84.686
2026-05-16 13:48:00,84.668
2026-05-16 13:49:00,84.614
2026-05-16 13:50:00,84.542
2026-05-16 13:51:00,84.506
2026-05-16 13:52:00,84.434
2026-05-16 13:53:00,84.398
2026-05-16 13:54:00,84.434
2026-05-16 13:55:00,84.434
2026-05-16 13:56:00,84.506
2026-05-16 13:57:00,84.488
2026-05-16 13:58:00,84.524
2026-05-16 13:59:00,84.524
2026-05-16 14:00:00,84.578
2026-05-16 14:01:00,84.65
2026-05-16 14:02:00,84.65
2026-05-16 14:03:00,84.65
2026-05-16 14:04:00,84.668
2026-05-16 14:05:00,84.596
2026-05-16 14:06:00,84.578
2026-05-16 14:07:00,84.434
2026-05-16 14:08:00,84.416
2026-05-16 14:09:00,84.434
2026-05-16 14:10:00,84.47
2026-05-16 14:11:00,84.38
2026-05-16 14:12:00,84.38
2026-05-16 14:13:00,84.38
2026-05-16 14:14:00,84.38
2026-05-16 14:15:00,84.29
2026-05-16 14:16:00,84.272
2026-05-16 14:17:00,84.308
2026-05-16 14:18:00,84.308
2026-05-16 14:19:00,84.308
2026-05-16 14:20:00,84.362
2026-05-16 14:21:00,84.398
2026-05-16 14:22:00,84.416
2026-05-16 14:23:00,84.452
2026-05-16 14:24:00,84.434
2026-05-16 14:25:00,84.506
2026-05-16 14:26:00,84.524
2026-05-16 14:27:00,84.524
2026-05-16 14:28:00,84.524
2026-05-16 14:29:00,84.488
2026-05-16 14:30:00,84.596
2026-05-16 14:31:00,84.596
2026-05-16 14:32:00,84.686
2026-05-16 14:33:00,84.704
2026-05-16 14:34:00,84.65
2026-05-16 14:35:00,84.596
2026-05-16 14:36:00,84.542
2026-05-16 14:37:00,84.47
2026-05-16 14:38:00,84.488
2026-05-16 14:40:00,84.506
2026-05-16 14:41:00,84.596
2026-05-16 14:42:00,84.65
2026-05-16 14:43:00,84.74
2026-05-16 14:44:00,84.722
2026-05-16 14:45:00,84.668
2026-05-16 14:46:00,84.578
2026-05-16 14:47:00,84.578
2026-05-16 14:48:00,84.488
2026-05-16 14:49:00,84.542
2026-05-16 14:50:00,84.56
2026-05-16 14:51:00,84.578
2026-05-16 14:52:00,84.686
2026-05-16 14:53:00,84.668
2026-05-16 14:54:00,84.74
2026-05-16 14:55:00,84.704
2026-05-16 14:56:00,84.722
2026-05-16 14:57:00,84.686
2026-05-16 14:58:00,84.74
2026-05-16 14:59:00,84.668
2026-05-16 15:00:00,84.668
2026-05-16 15:01:00,84.668
2026-05-16 15:02:00,84.704
2026-05-16 15:03:00,84.668
2026-05-16 15:04:00,84.65
2026-05-16 15:05:00,84.686
2026-05-16 15:06:00,84.686
2026-05-16 15:07:00,84.686
2026-05-16 15:08:00,84.65
2026-05-16 15:09:00,84.65
2026-05-16 15:10:00,84.614
2026-05-16 15:11:00,84.614
2026-05-16 15:12:00,84.614
2026-05-16 15:13:00,84.56
2026-05-16 15:14:00,84.596
2026-05-16 15:15:00,84.614
2026-05-16 15:16:00,84.56
2026-05-16 15:17:00,84.704
2026-05-16 15:18:00,84.74
2026-05-16 15:19:00,84.776
2026-05-16 15:20:00,84.776
2026-05-16 15:21:00,84.686
2026-05-16 15:22:00,84.596
2026-05-16 15:23:00,84.488
2026-05-16 15:24:00,84.506
2026-05-16 15:25:00,84.47
2026-05-16 15:26:00,84.524
2026-05-16 15:27:00,84.488
2026-05-16 15:28:00,84.452
2026-05-16 15:29:00,84.488
2026-05-16 15:30:00,84.542
2026-05-16 15:31:00,84.578
2026-05-16 15:32:00,84.56
2026-05-16 15:33:00,84.596
2026-05-16 15:34:00,84.704
2026-05-16 15:35:00,84.812
2026-05-16 15:36:00,84.92
2026-05-16 15:37:00,84.848
2026-05-16 15:38:00,84.74
2026-05-16 15:39:00,84.776
2026-05-16 15:40:00,84.776
2026-05-16 15:41:00,84.722
2026-05-16 15:42:00,84.722
2026-05-16 15:43:00,84.83
2026-05-16 15:44:00,84.758
2026-05-16 15:45:00,84.722
2026-05-16 15:46:00,84.686
2026-05-16 15:47:00,84.74
2026-05-16 15:48:00,84.758
2026-05-16 15:49:00,84.83
2026-05-16 15:50:00,84.83
2026-05-16 15:51:00,84.776
2026-05-16 15:52:00,84.794
2026-05-16 15:53:00,84.776
2026-05-16 15:54:00,84.812
2026-05-16 15:55:00,84.83
2026-05-16 15:56:00,84.848
2026-05-16 15:57:00,84.848
2026-05-16 15:58:00,84.83
2026-05-16 15:59:00,84.758
2026-05-16 16:00:00,84.668
2026-05-16 16:01:00,84.578
2026-05-16 16:02:00,84.668
2026-05-16 16:03:00,84.596
2026-05-16 16:04:00,84.596
2026-05-16 16:05:00,84.56
2026-05-16 16:06:00,84.542
2026-05-16 16:07:00,84.524
2026-05-16 16:08:00,84.524
2026-05-16 16:09:00,84.614
2026-05-16 16:10:00,84.65
2026-05-16 16:11:00,84.614
2026-05-16 16:12:00,84.596
2026-05-16 16:13:00,84.542
2026-05-16 16:14:00,84.488
2026-05-16 16:15:00,84.47
2026-05-16 16:16:00,84.506
2026-05-16 16:17:00,84.524
2026-05-16 16:18:00,84.578
2026-05-16 16:19:00,84.596
2026-05-16 16:20:00,84.632
2026-05-16 16:21:00,84.596
2026-05-16 16:22:00,84.668
2026-05-16 16:23:00,84.704
2026-05-16 16:24:00,84.668
2026-05-16 16:25:00,84.65
2026-05-16 16:26:00,84.614
2026-05-16 16:27:00,84.65
2026-05-16 16:28:00,84.614
2026-05-16 16:29:00,84.596
2026-05-16 16:30:00,84.614
2026-05-16 16:31:00,84.65
2026-05-16 16:32:00,84.704
2026-05-16 16:33:00,84.722
2026-05-16 16:34:00,84.686
2026-05-16 16:35:00,84.686
2026-05-16 16:36:00,84.614
2026-05-16 16:37:00,84.578
2026-05-16 16:38:00,84.488
2026-05-16 16:39:00,84.488
2026-05-16 16:40:00,84.506
2026-05-16 16:41:00,84.524
2026-05-16 16:42:00,84.542
2026-05-16 16:43:00,84.506
2026-05-16 16:44:00,84.506
2026-05-16 16:45:00,84.524
2026-05-16 16:46:00,84.524
2026-05-16 16:47:00,84.524
2026-05-16 16:48:00,84.488
2026-05-16 16:49:00,84.542
2026-05-16 16:50:00,84.452
2026-05-16 16:51:00,84.47
2026-05-16 16:52:00,84.488
2026-05-16 16:53:00,84.452
2026-05-16 16:54:00,84.416
2026-05-16 16:55:00,84.416
2026-05-16 16:56:00,84.398
2026-05-16 16:57:00,84.398
2026-05-16 16:58:00,84.416
2026-05-16 16:59:00,84.452
2026-05-16 17:00:00,84.47
2026-05-16 17:01:00,84.47
2026-05-16 17:02:00,84.542
2026-05-16 17:03:00,84.578
2026-05-16 17:04:00,84.578
2026-05-16 17:05:00,84.596
2026-05-16 17:06:00,84.614
2026-05-16 17:07:00,84.56
2026-05-16 17:08:00,84.578
2026-05-16 17:09:00,84.524
2026-05-16 17:10:00,84.542
2026-05-16 17:11:00,84.47
2026-05-16 17:12:00,84.398
2026-05-16 17:13:00,84.38
2026-05-16 17:14:00,84.272
2026-05-16 17:15:00,84.308
2026-05-16 17:16:00,84.344
2026-05-16 17:17:00,84.344
2026-05-16 17:18:00,84.38
2026-05-16 17:19:00,84.362
2026-05-16 17:20:00,84.344
2026-05-16 17:21:00,84.344
2026-05-16 17:22:00,84.344
2026-05-16 17:23:00,84.362
2026-05-16 17:24:00,84.38
2026-05-16 17:25:00,84.326
2026-05-16 17:26:00,84.344
2026-05-16 17:27:00,84.308
2026-05-16 17:28:00,84.326
2026-05-16 17:29:00,84.308
2026-05-16 17:30:00,84.272
2026-05-16 17:31:00,84.326
2026-05-16 17:32:00,84.29
2026-05-16 17:33:00,84.272
2026-05-16 17:34:00,84.272
2026-05-16 17:35:00,84.29
2026-05-16 17:36:00,84.272
2026-05-16 17:37:00,84.254
2026-05-16 17:38:00,84.182
2026-05-16 17:39:00,84.164
2026-05-16 17:40:00,84.128
2026-05-16 17:41:00,84.074
2026-05-16 17:42:00,84.074
2026-05-16 17:43:00,84.056
2026-05-16 17:44:00,84.038
2026-05-16 17:45:00,84.074
2026-05-16 17:46:00,84.092
2026-05-16 17:47:00,84.092
2026-05-16 17:48:00,84.056
2026-05-16 17:49:00,84.074
2026-05-16 17:50:00,84.002
2026-05-16 17:51:00,83.966
2026-05-16 17:52:00,83.984
2026-05-16 17:53:00,83.912
2026-05-16 17:54:00,83.876
2026-05-16 17:55:00,83.912
2026-05-16 17:56:00,83.876
2026-05-16 17:57:00,83.858
2026-05-16 17:58:00,83.822
2026-05-16 17:59:00,83.84
2026-05-16 18:00:00,83.804
2026-05-16 18:01:00,83.75
2026-05-16 18:02:00,83.75
2026-05-16 18:03:00,83.75
2026-05-16 18:04:00,83.768
2026-05-16 18:05:00,83.732
2026-05-16 18:06:00,83.714
2026-05-16 18:07:00,83.678
2026-05-16 18:08:00,83.678
2026-05-16 18:09:00,83.642
2026-05-16 18:10:00,83.624
2026-05-16 18:11:00,83.624
2026-05-16 18:12:00,83.588
2026-05-16 18:13:00,83.588
2026-05-16 18:14:00,83.588
2026-05-16 18:15:00,83.516
2026-05-16 18:16:00,83.57
2026-05-16 18:17:00,83.57
2026-05-16 18:18:00,83.534
2026-05-16 18:19:00,83.498
2026-05-16 18:20:00,83.48
2026-05-16 18:21:00,83.48
2026-05-16 18:22:00,83.444
2026-05-16 18:23:00,83.444
2026-05-16 18:24:00,83.462
2026-05-16 18:25:00,83.444
2026-05-16 18:26:00,83.444
2026-05-16 18:27:00,83.444
2026-05-16 18:28:00,83.372
2026-05-16 18:29:00,83.372
2026-05-16 18:30:00,83.282
2026-05-16 18:31:00,83.282
2026-05-16 18:32:00,83.3
2026-05-16 18:33:00,83.282
2026-05-16 18:34:00,83.264
2026-05-16 18:35:00,83.282
2026-05-16 18:36:00,83.282
2026-05-16 18:37:00,83.282
2026-05-16 18:38:00,83.264
2026-05-16 18:39:00,83.21
2026-05-16 18:40:00,83.228
2026-05-16 18:41:00,83.156
2026-05-16 18:42:00,83.12
2026-05-16 18:43:00,83.102
2026-05-16 18:44:00,83.12
2026-05-16 18:45:00,83.066
2026-05-16 18:46:00,83.048
2026-05-16 18:47:00,83.03
2026-05-16 18:48:00,82.994
2026-05-16 18:49:00,82.958
2026-05-16 18:50:00,82.886
2026-05-16 18:51:00,82.904
2026-05-16 18:52:00,82.886
2026-05-16 18:53:00,82.814
2026-05-16 18:54:00,82.85
2026-05-16 18:55:00,82.796
2026-05-16 18:56:00,82.76
2026-05-16 18:57:00,82.724
2026-05-16 18:58:00,82.724
2026-05-16 18:59:00,82.706
2026-05-16 19:00:00,82.67
2026-05-16 19:01:00,82.688
2026-05-16 19:02:00,82.616
2026-05-16 19:03:00,82.598
2026-05-16 19:04:00,82.49
2026-05-16 19:05:00,82.4
2026-05-16 19:06:00,82.364
2026-05-16 19:07:00,82.328
2026-05-16 19:08:00,82.31
2026-05-16 19:09:00,82.328
2026-05-16 19:10:00,82.274
2026-05-16 19:11:00,82.256
2026-05-16 19:12:00,82.22
2026-05-16 19:13:00,82.274
2026-05-16 19:14:00,82.22
2026-05-16 19:15:00,82.22
2026-05-16 19:16:00,82.184
2026-05-16 19:17:00,82.13
2026-05-16 19:18:00,82.22
2026-05-16 19:19:00,82.274
2026-05-16 19:20:00,82.328
2026-05-16 19:21:00,82.418
2026-05-16 19:22:00,82.4
2026-05-16 19:23:00,82.346
2026-05-16 19:24:00,82.4
2026-05-16 19:25:00,82.4
2026-05-16 19:26:00,82.436
2026-05-16 19:27:00,82.454
2026-05-16 19:28:00,82.436
2026-05-16 19:29:00,82.472
2026-05-16 19:30:00,82.454
2026-05-16 19:31:00,82.418
2026-05-16 19:32:00,82.328
2026-05-16 19:33:00,82.256
2026-05-16 19:34:00,82.058
2026-05-16 19:35:00,81.86
2026-05-16 19:36:00,81.698
2026-05-16 19:37:00,81.464
2026-05-16 19:38:00,81.302
2026-05-16 19:39:00,81.158
2026-05-16 19:40:00,81.014
2026-05-16 19:41:00,80.87
2026-05-16 19:42:00,80.726
2026-05-16 19:43:00,80.636
2026-05-16 19:44:00,79.988
2026-05-16 19:45:00,79.268
2026-05-16 19:46:00,78.782
2026-05-16 19:47:00,78.584
2026-05-16 19:48:00,78.458
2026-05-16 19:49:00,78.242
2026-05-16 19:50:00,78.242
2026-05-16 19:51:00,78.242
2026-05-16 19:52:00,78.35
2026-05-16 19:53:00,78.458
2026-05-16 19:54:00,78.566
2026-05-16 19:55:00,78.656
2026-05-16 19:56:00,78.674
2026-05-16 19:57:00,78.656
2026-05-16 19:58:00,78.674
2026-05-16 19:59:00,78.692
2026-05-16 20:00:00,78.62
2026-05-16 20:01:00,78.584
2026-05-16 20:02:00,78.53
2026-05-16 20:03:00,78.494
2026-05-16 20:04:00,78.422
2026-05-16 20:05:00,78.386
2026-05-16 20:06:00,78.332
2026-05-16 20:07:00,78.26
2026-05-16 20:08:00,78.17
2026-05-16 20:09:00,78.17
2026-05-16 20:10:00,79.574
2026-05-16 20:12:00,79.844
2026-05-16 20:13:00,79.916
2026-05-16 20:14:00,79.934
2026-05-16 20:15:00,79.934
2026-05-16 20:16:00,79.97
2026-05-16 20:17:00,79.988
2026-05-16 20:18:00,79.97
2026-05-16 20:21:00,80.006
2026-05-16 20:22:00,79.988
2026-05-16 20:23:00,79.952
2026-05-16 20:24:00,79.97
2026-05-16 20:25:00,79.97
2026-05-16 20:26:00,79.97
2026-05-16 20:27:00,79.952
2026-05-16 20:28:00,79.916
2026-05-16 20:29:00,79.88
2026-05-16 20:31:00,79.934
2026-05-16 20:32:00,79.934
2026-05-16 20:33:00,79.898
2026-05-16 20:34:00,79.898
2026-05-16 20:35:00,79.898
2026-05-16 20:36:00,79.862
2026-05-16 20:37:00,79.862
2026-05-16 20:38:00,79.826
2026-05-16 20:39:00,79.826
2026-05-16 20:40:00,79.79
2026-05-16 20:41:00,79.79
2026-05-16 20:42:00,79.736
2026-05-16 20:43:00,79.736
2026-05-16 20:44:00,79.736
2026-05-16 20:45:00,79.718
2026-05-16 20:47:00,79.718
2026-05-16 20:48:00,79.718
2026-05-16 20:49:00,79.736
2026-05-16 20:50:00,79.736
2026-05-16 20:51:00,79.682
2026-05-16 20:52:00,79.682
2026-05-16 20:53:00,79.646
2026-05-16 20:54:00,79.628
2026-05-16 20:55:00,79.628
2026-05-16 20:56:00,79.664
2026-05-16 20:57:00,79.592
2026-05-16 20:58:00,79.556
2026-05-16 20:59:00,79.556
2026-05-16 21:00:00,79.538
2026-05-16 21:01:00,79.538
2026-05-16 21:02:00,79.52
2026-05-16 21:03:00,79.52
2026-05-16 21:04:00,79.52
2026-05-16 21:05:00,79.466
2026-05-16 21:06:00,79.484
2026-05-16 21:07:00,79.466
2026-05-16 21:08:00,79.484
2026-05-16 21:10:00,79.448
2026-05-16 21:11:00,79.484
2026-05-16 21:12:00,79.466
2026-05-16 21:13:00,79.448
2026-05-16 21:14:00,79.394
2026-05-16 21:15:00,79.43
2026-05-16 21:16:00,79.394
2026-05-16 21:17:00,79.43
2026-05-16 21:18:00,79.394
2026-05-16 21:20:00,79.394
2026-05-16 21:21:00,79.322
2026-05-16 21:22:00,79.34
2026-05-16 21:23:00,79.34
2026-05-16 21:24:00,79.286
2026-05-16 21:25:00,79.268
2026-05-16 21:26:00,79.268
2026-05-16 21:27:00,79.304
2026-05-16 21:28:00,79.25
2026-05-16 21:29:00,79.304
2026-05-16 21:30:00,79.268
2026-05-16 21:32:00,79.25
2026-05-16 21:33:00,79.232
2026-05-16 21:35:00,79.214
2026-05-16 21:36:00,79.142
2026-05-16 21:37:00,79.124
2026-05-16 21:38:00,79.16
2026-05-16 21:39:00,79.124
2026-05-16 21:40:00,79.124
2026-05-16 21:41:00,79.106
2026-05-16 21:42:00,79.106
2026-05-16 21:43:00,79.052
2026-05-16 21:44:00,79.016
2026-05-16 21:45:00,79.016
2026-05-16 21:46:00,79.034
2026-05-16 21:47:00,78.98
2026-05-16 21:48:00,79.016
2026-05-16 21:49:00,78.98
2026-05-16 21:50:00,78.908
2026-05-16 21:51:00,78.926
2026-05-16 21:52:00,78.962
2026-05-16 21:53:00,78.962
2026-05-16 21:54:00,78.944
2026-05-16 21:55:00,78.944
2026-05-16 21:59:00,78.926
2026-05-16 22:00:00,78.89
2026-05-16 22:01:00,78.854
2026-05-16 22:03:00,78.872
2026-05-16 22:04:00,78.872
2026-05-16 22:07:00,78.836
2026-05-16 22:08:00,78.836
2026-05-16 22:09:00,78.818
2026-05-16 22:10:00,78.782
2026-05-16 22:11:00,78.782
2026-05-16 22:12:00,78.764
2026-05-16 22:13:00,78.746
2026-05-16 22:14:00,78.746
2026-05-16 22:15:00,78.746
2026-05-16 22:16:00,78.71
2026-05-16 22:17:00,78.674
2026-05-16 22:19:00,78.602
2026-05-16 22:20:00,78.656
2026-05-16 22:21:00,78.602
2026-05-16 22:22:00,78.566
2026-05-16 22:23:00,78.548
2026-05-16 22:24:00,78.53
2026-05-16 22:25:00,78.53
2026-05-16 22:26:00,78.476
2026-05-16 22:27:00,78.458
2026-05-16 22:28:00,78.476
2026-05-16 22:29:00,78.458
2026-05-16 22:30:00,78.44
2026-05-16 22:31:00,78.386
2026-05-16 22:33:00,78.368
2026-05-16 22:34:00,78.332
2026-05-16 22:35:00,78.332
2026-05-16 22:36:00,78.35
2026-05-16 22:37:00,78.314
2026-05-16 22:38:00,78.314
2026-05-16 22:39:00,78.314
2026-05-16 22:40:00,78.314
2026-05-16 22:41:00,78.278
2026-05-16 22:42:00,78.314
2026-05-16 22:43:00,78.296
2026-05-16 22:44:00,78.332
2026-05-16 22:45:00,78.314
2026-05-16 22:46:00,78.26
2026-05-16 22:47:00,78.314
2026-05-16 22:48:00,78.278
2026-05-16 22:49:00,78.314
2026-05-16 22:50:00,78.314
2026-05-16 22:51:00,78.278
2026-05-16 22:52:00,78.278
2026-05-16 22:53:00,78.314
2026-05-16 22:54:00,78.314
2026-05-16 22:55:00,78.26
2026-05-16 22:56:00,78.26
2026-05-16 22:57:00,78.242
2026-05-16 22:58:00,78.242
2026-05-16 22:59:00,78.206
2026-05-16 23:00:00,78.224
2026-05-16 23:01:00,78.188
2026-05-16 23:02:00,78.188
2026-05-16 23:03:00,78.17
2026-05-16 23:04:00,78.17
2026-05-16 23:05:00,78.116
2026-05-16 23:07:00,78.08
2026-05-16 23:08:00,78.098
2026-05-16 23:09:00,78.152
2026-05-16 23:10:00,78.098
2026-05-16 23:11:00,78.098
2026-05-16 23:12:00,78.098
2026-05-16 23:13:00,78.062
2026-05-16 23:14:00,78.08
2026-05-16 23:18:00,78.044
2026-05-16 23:19:00,78.044
2026-05-16 23:20:00,78.062
2026-05-16 23:21:00,78.062
2026-05-16 23:22:00,78.044
2026-05-16 23:23:00,78.062
2026-05-16 23:24:00,78.098
2026-05-16 23:25:00,78.026
2026-05-16 23:26:00,78.008
2026-05-16 23:27:00,77.954
2026-05-16 23:28:00,77.972
2026-05-16 23:29:00,77.99
2026-05-16 23:30:00,77.99
2026-05-16 23:31:00,77.972
2026-05-16 23:32:00,77.936
2026-05-16 23:33:00,77.9
2026-05-16 23:34:00,77.918
2026-05-16 23:35:00,77.9
2026-05-16 23:36:00,77.882
2026-05-16 23:37:00,77.882
2026-05-16 23:38:00,77.774
2026-05-16 23:39:00,77.792
2026-05-16 23:40:00,77.774
2026-05-16 23:41:00,77.792
2026-05-16 23:42:00,77.774
2026-05-16 23:43:00,77.774
2026-05-16 23:44:00,77.72
2026-05-16 23:45:00,77.666
2026-05-16 23:46:00,77.666
2026-05-16 23:47:00,77.612
2026-05-16 23:48:00,77.63
2026-05-16 23:49:00,77.612
2026-05-16 23:50:00,77.612
2026-05-16 23:51:00,77.63
2026-05-16 23:52:00,77.612
2026-05-16 23:53:00,77.612
2026-05-16 23:55:00,77.63
2026-05-16 23:56:00,77.594
2026-05-16 23:57:00,77.54
2026-05-16 23:58:00,77.558
2026-05-16 23:59:00,77.54
