timestamp,temperature_f
2024-01-01 00:00:00,52.1
2024-01-01 00:00:30,51.2
2024-01-01 00:01:00,52.2
2024-01-01 00:01:30,52.3
2024-01-01 00:02:00,51.9
2024-01-01 00:02:30,51.9
2024-01-01 00:03:00,52.3
2024-01-01 00:03:30,52.1
2024-01-01 00:04:00,51.5
2024-01-01 00:04:30,51.3
2024-01-01 00:05:00,50.9
2024-01-01 00:05:30,50.6
2024-01-01 00:06:00,50.2
2024-01-01 00:06:30,49.3
2024-01-01 00:07:00,49.2
2024-01-01 00:07:30,49.7
2024-01-01 00:08:00,50.0
2024-01-01 00:08:30,50.3
2024-01-01 00:09:00,50.2
2024-01-01 00:09:30,50.3
2024-01-01 00:10:00,51.2
2024-01-01 00:10:30,50.8
2024-01-01 00:11:00,50.6
2024-01-01 00:11:30,49.9
2024-01-01 00:12:00,50.0
2024-01-01 00:12:30,50.2
2024-01-01 00:13:00,50.1
2024-01-01 00:13:30,50.5
2024-01-01 00:14:00,50.2
2024-01-01 00:14:30,50.5
2024-01-01 00:15:00,50.7
2024-01-01 00:15:30,51.4
2024-01-01 00:16:00,50.9
2024-01-01 00:16:30,50.4
2024-01-01 00:17:00,50.5
2024-01-01 00:17:30,49.7
2024-01-01 00:18:00,49.7
2024-01-01 00:18:30,48.9
2024-01-01 00:19:00,49.4
2024-01-01 00:19:30,50.2
2024-01-01 00:20:00,50.8
2024-01-01 00:20:30,50.8
2024-01-01 00:21:00,50.2
2024-01-01 00:21:30,49.7
2024-01-01 00:22:00,49.1
2024-01-01 00:22:30,49.5
2024-01-01 00:23:00,50.0
2024-01-01 00:23:30,50.6
2024-01-01 00:24:00,50.3
2024-01-01 00:24:30,49.6
2024-01-01 00:25:00,49.8
2024-01-01 00:25:30,49.8
2024-01-01 00:26:00,50.1
2024-01-01 00:26:30,50.8
2024-01-01 00:27:00,51.1
2024-01-01 00:27:30,50.9
2024-01-01 00:28:00,50.1
2024-01-01 00:28:30,50.1
2024-01-01 00:29:00,50.3
2024-01-01 00:29:30,50.6
2024-01-01 00:30:00,49.9
2024-01-01 00:30:30,49.5
2024-01-01 00:31:00,49.0
2024-01-01 00:31:30,49.4
2024-01-01 00:32:00,50.4
2024-01-01 00:32:30,51.0
2024-01-01 00:33:00,50.8
2024-01-01 00:33:30,50.8
2024-01-01 00:34:00,50.3
2024-01-01 00:34:30,50.1
2024-01-01 00:35:00,50.4
2024-01-01 00:35:30,51.0
2024-01-01 00:36:00,50.4
2024-01-01 00:36:30,50.3
2024-01-01 00:37:00,49.0
2024-01-01 00:37:30,49.7
2024-01-01 00:38:00,49.6
2024-01-01 00:38:30,49.5
2024-01-01 00:39:00,49.1
2024-01-01 00:39:30,48.5
2024-01-01 00:40:00,49.3
2024-01-01 00:40:30,49.9
2024-01-01 00:41:00,50.4
2024-01-01 00:41:30,49.5
2024-01-01 00:42:00,49.2
2024-01-01 00:42:30,49.3
2024-01-01 00:43:00,49.9
2024-01-01 00:43:30,49.9
2024-01-01 00:44:00,49.7
2024-01-01 00:44:30,49.9
2024-01-01 00:45:00,49.8
2024-01-01 00:45:30,49.9
2024-01-01 00:46:00,49.2
2024-01-01 00:46:30,48.9
2024-01-01 00:47:00,48.6
2024-01-01 00:47:30,48.5
2024-01-01 00:48:00,49.2
2024-01-01 00:48:30,49.4
2024-01-01 00:49:00,49.2
2024-01-01 00:49:30,48.8
2024-01-01 00:50:00,48.3
2024-01-01 00:50:30,48.4
2024-01-01 00:51:00,48.5
2024-01-01 00:51:30,48.7
2024-01-01 00:52:00,49.3
2024-01-01 00:52:30,49.9
2024-01-01 00:53:00,50.6
2024-01-01 00:53:30,50.0
2024-01-01 00:54:00,49.4
2024-01-01 00:54:30,48.7
2024-01-01 00:55:00,48.0
2024-01-01 00:55:30,48.9
2024-01-01 00:56:00,49.6
2024-01-01 00:56:30,50.6
2024-01-01 00:57:00,49.8
2024-01-01 00:57:30,49.4
2024-01-01 00:58:00,48.9
2024-01-01 00:58:30,48.8
2024-01-01 00:59:00,49.7
2024-01-01 00:59:30,49.7
2024-01-01 01:00:00,49.8
2024-01-01 01:00:30,49.0
2024-01-01 01:01:00,49.3
2024-01-01 01:01:30,48.9
2024-01-01 01:02:00,49.6
2024-01-01 01:02:30,49.8
2024-01-01 01:03:00,48.9
2024-01-01 01:03:30,48.5
2024-01-01 01:04:00,48.2
2024-01-01 01:04:30,48.1
2024-01-01 01:05:00,47.6
2024-01-01 01:05:30,48.1
2024-01-01 01:06:00,48.0
2024-01-01 01:06:30,48.7
2024-01-01 01:07:00,48.6
2024-01-01 01:07:30,49.2
2024-01-01 01:08:00,48.6
2024-01-01 01:08:30,48.6
2024-01-01 01:09:00,48.7
2024-01-01 01:09:30,48.4
2024-01-01 01:10:00,48.7
2024-01-01 01:10:30,48.9
2024-01-01 01:11:00,48.2
2024-01-01 01:11:30,48.7
2024-01-01 01:12:00,48.7
2024-01-01 01:12:30,48.6
2024-01-01 01:13:00,47.8
2024-01-01 01:13:30,47.7
2024-01-01 01:14:00,48.4
2024-01-01 01:14:30,48.8
2024-01-01 01:15:00,48.9
2024-01-01 01:15:30,48.7
2024-01-01 01:16:00,48.4
2024-01-01 01:16:30,48.5
2024-01-01 01:17:00,48.7
2024-01-01 01:17:30,48.8
2024-01-01 01:18:00,49.4
2024-01-01 01:18:30,48.9
2024-01-01 01:19:00,48.2
2024-01-01 01:19:30,48.4
2024-01-01 01:20:00,48.2
2024-01-01 01:20:30,48.9
2024-01-01 01:21:00,49.1
2024-01-01 01:21:30,48.7
2024-01-01 01:22:00,49.1
2024-01-01 01:22:30,49.3
2024-01-01 01:23:00,49.6
2024-01-01 01:23:30,49.6
2024-01-01 01:24:00,48.5
2024-01-01 01:24:30,47.7
2024-01-01 01:25:00,47.2
2024-01-01 01:25:30,47.4
2024-01-01 01:26:00,48.0
2024-01-01 01:26:30,48.5
2024-01-01 01:27:00,48.7
2024-01-01 01:27:30,49.1
2024-01-01 01:28:00,48.9
2024-01-01 01:28:30,49.5
2024-01-01 01:29:00,49.4
2024-01-01 01:29:30,50.0
2024-01-01 01:30:00,48.9
2024-01-01 01:30:30,48.0
2024-01-01 01:31:00,47.4
2024-01-01 01:31:30,48.0
2024-01-01 01:32:00,48.2
2024-01-01 01:32:30,48.6
2024-01-01 01:33:00,48.4
2024-01-01 01:33:30,47.8
2024-01-01 01:34:00,47.1
2024-01-01 01:34:30,46.9
2024-01-01 01:35:00,47.5
2024-01-01 01:35:30,48.0
2024-01-01 01:36:00,48.0
2024-01-01 01:36:30,47.5
2024-01-01 01:37:00,47.7
2024-01-01 01:37:30,47.8
2024-01-01 01:38:00,47.6
2024-01-01 01:38:30,47.7
2024-01-01 01:39:00,47.6
2024-01-01 01:39:30,47.5
2024-01-01 01:40:00,48.1
2024-01-01 01:40:30,48.6
2024-01-01 01:41:00,48.9
2024-01-01 01:41:30,48.4
2024-01-01 01:42:00,47.3
2024-01-01 01:42:30,47.3
2024-01-01 01:43:00,47.9
2024-01-01 01:43:30,48.9
2024-01-01 01:44:00,49.6
2024-01-01 01:44:30,50.7
2024-01-01 01:45:00,49.9
2024-01-01 01:45:30,49.6
2024-01-01 01:46:00,48.9
2024-01-01 01:46:30,48.6
2024-01-01 01:47:00,48.0
2024-01-01 01:47:30,47.9
2024-01-01 01:48:00,47.3
2024-01-01 01:48:30,47.3
2024-01-01 01:49:00,47.6
2024-01-01 01:49:30,48.0
2024-01-01 01:50:00,48.6
2024-01-01 01:50:30,47.2
2024-01-01 01:51:00,47.3
2024-01-01 01:51:30,46.6
2024-01-01 01:52:00,47.3
2024-01-01 01:52:30,47.8
2024-01-01 01:53:00,47.5
2024-01-01 01:53:30,47.1
2024-01-01 01:54:00,47.0
2024-01-01 01:54:30,47.5
2024-01-01 01:55:00,47.3
2024-01-01 01:55:30,47.5
2024-01-01 01:56:00,47.7
2024-01-01 01:56:30,48.0
2024-01-01 01:57:00,48.5
2024-01-01 01:57:30,47.9
2024-01-01 01:58:00,46.8
2024-01-01 01:58:30,47.1
2024-01-01 01:59:00,47.0
2024-01-01 01:59:30,47.6
2024-01-01 02:00:00,47.2
2024-01-01 02:00:30,47.6
2024-01-01 02:01:00,47.7
2024-01-01 02:01:30,47.7
2024-01-01 02:02:00,46.9
2024-01-01 02:02:30,46.8
2024-01-01 02:03:00,47.0
2024-01-01 02:03:30,47.5
2024-01-01 02:04:00,48.2
2024-01-01 02:04:30,47.9
2024-01-01 02:05:00,47.7
2024-01-01 02:05:30,48.4
2024-01-01 02:06:00,48.9
2024-01-01 02:06:30,48.3
2024-01-01 02:07:00,47.2
2024-01-01 02:07:30,47.1
2024-01-01 02:08:00,47.6
2024-01-01 02:08:30,47.5
2024-01-01 02:09:00,47.7
2024-01-01 02:09:30,47.6
2024-01-01 02:10:00,46.6
2024-01-01 02:10:30,46.0
2024-01-01 02:11:00,44.9
2024-01-01 02:11:30,45.5
2024-01-01 02:12:00,46.3
2024-01-01 02:12:30,46.6
2024-01-01 02:13:00,47.4
2024-01-01 02:13:30,46.6
2024-01-01 02:14:00,47.1
2024-01-01 02:14:30,47.2
2024-01-01 02:15:00,47.9
2024-01-01 02:15:30,47.2
2024-01-01 02:16:00,47.6
2024-01-01 02:16:30,47.2
2024-01-01 02:17:00,47.0
2024-01-01 02:17:30,47.2
2024-01-01 02:18:00,47.2
2024-01-01 02:18:30,47.0
2024-01-01 02:19:00,47.0
2024-01-01 02:19:30,47.1
2024-01-01 02:20:00,47.6
2024-01-01 02:20:30,47.9
2024-01-01 02:21:00,48.3
2024-01-01 02:21:30,47.4
2024-01-01 02:22:00,47.7
2024-01-01 02:22:30,46.5
2024-01-01 02:23:00,47.1
2024-01-01 02:23:30,47.2
2024-01-01 02:24:00,47.3
2024-01-01 02:24:30,46.8
2024-01-01 02:25:00,46.7
2024-01-01 02:25:30,46.7
2024-01-01 02:26:00,46.9
2024-01-01 02:26:30,47.4
2024-01-01 02:27:00,47.5
2024-01-01 02:27:30,47.3
2024-01-01 02:28:00,47.7
2024-01-01 02:28:30,47.8
2024-01-01 02:29:00,47.9
2024-01-01 02:29:30,47.5
2024-01-01 02:30:00,46.9
2024-01-01 02:30:30,46.9
2024-01-01 02:31:00,47.5
2024-01-01 02:31:30,47.6
2024-01-01 02:32:00,47.6
2024-01-01 02:32:30,47.6
2024-01-01 02:33:00,47.8
2024-01-01 02:33:30,47.3
2024-01-01 02:34:00,47.3
2024-01-01 02:34:30,47.1
2024-01-01 02:35:00,47.4
2024-01-01 02:35:30,48.0
2024-01-01 02:36:00,48.3
2024-01-01 02:36:30,48.4
2024-01-01 02:37:00,48.3
2024-01-01 02:37:30,47.8
2024-01-01 02:38:00,47.6
2024-01-01 02:38:30,47.2
2024-01-01 02:39:00,47.2
2024-01-01 02:39:30,47.2
2024-01-01 02:40:00,47.2
2024-01-01 02:40:30,47.5
2024-01-01 02:41:00,47.2
2024-01-01 02:41:30,47.7
2024-01-01 02:42:00,46.8
2024-01-01 02:42:30,46.8
2024-01-01 02:43:00,47.6
2024-01-01 02:43:30,48.0
2024-01-01 02:44:00,48.0
2024-01-01 02:44:30,47.6
2024-01-01 02:45:00,47.0
2024-01-01 02:45:30,46.5
2024-01-01 02:46:00,46.7
2024-01-01 02:46:30,46.8
2024-01-01 02:47:00,47.2
2024-01-01 02:47:30,46.8
2024-01-01 02:48:00,46.6
2024-01-01 02:48:30,46.6
2024-01-01 02:49:00,46.8
2024-01-01 02:49:30,46.5
2024-01-01 02:50:00,46.5
2024-01-01 02:50:30,46.8
2024-01-01 02:51:00,46.9
2024-01-01 02:51:30,46.7
2024-01-01 02:52:00,46.5
2024-01-01 02:52:30,46.3
2024-01-01 02:53:00,45.6
2024-01-01 02:53:30,45.5
2024-01-01 02:54:00,45.9
2024-01-01 02:54:30,46.8
2024-01-01 02:55:00,47.6
2024-01-01 02:55:30,48.2
2024-01-01 02:56:00,48.0
2024-01-01 02:56:30,47.2
2024-01-01 02:57:00,46.8
2024-01-01 02:57:30,46.3
2024-01-01 02:58:00,46.6
2024-01-01 02:58:30,46.6
2024-01-01 02:59:00,46.9
2024-01-01 02:59:30,46.9
2024-01-01 03:00:00,47.6
2024-01-01 03:00:30,48.0
2024-01-01 03:01:00,47.7
2024-01-01 03:01:30,47.6
2024-01-01 03:02:00,47.4
2024-01-01 03:02:30,47.1
2024-01-01 03:03:00,47.1
2024-01-01 03:03:30,46.9
2024-01-01 03:04:00,46.9
2024-01-01 03:04:30,46.7
2024-01-01 03:05:00,47.2
2024-01-01 03:05:30,47.8
2024-01-01 03:06:00,48.6
2024-01-01 03:06:30,48.6
2024-01-01 03:07:00,48.7
2024-01-01 03:07:30,47.6
2024-01-01 03:08:00,48.0
2024-01-01 03:08:30,47.8
2024-01-01 03:09:00,48.1
2024-01-01 03:09:30,46.9
2024-01-01 03:10:00,46.1
2024-01-01 03:10:30,45.6
2024-01-01 03:11:00,45.2
2024-01-01 03:11:30,45.8
2024-01-01 03:12:00,46.2
2024-01-01 03:12:30,47.2
2024-01-01 03:13:00,47.9
2024-01-01 03:13:30,48.5
2024-01-01 03:14:00,47.9
2024-01-01 03:14:30,47.1
2024-01-01 03:15:00,46.4
2024-01-01 03:15:30,46.9
2024-01-01 03:16:00,47.0
2024-01-01 03:16:30,48.1
2024-01-01 03:17:00,47.7
2024-01-01 03:17:30,47.1
2024-01-01 03:18:00,46.4
2024-01-01 03:18:30,47.4
2024-01-01 03:19:00,47.3
2024-01-01 03:19:30,47.4
2024-01-01 03:20:00,46.3
2024-01-01 03:20:30,46.4
2024-01-01 03:21:00,46.6
2024-01-01 03:21:30,47.0
2024-01-01 03:22:00,46.8
2024-01-01 03:22:30,47.0
2024-01-01 03:23:00,46.5
2024-01-01 03:23:30,46.9
2024-01-01 03:24:00,47.2
2024-01-01 03:24:30,47.5
2024-01-01 03:25:00,47.1
2024-01-01 03:25:30,46.4
2024-01-01 03:26:00,46.4
2024-01-01 03:26:30,47.2
2024-01-01 03:27:00,47.5
2024-01-01 03:27:30,47.4
2024-01-01 03:28:00,48.1
2024-01-01 03:28:30,47.9
2024-01-01 03:29:00,48.4
2024-01-01 03:29:30,48.4
2024-01-01 03:30:00,49.1
2024-01-01 03:30:30,48.9
2024-01-01 03:31:00,48.2
2024-01-01 03:31:30,48.3
2024-01-01 03:32:00,48.1
2024-01-01 03:32:30,48.1
2024-01-01 03:33:00,47.4
2024-01-01 03:33:30,47.5
2024-01-01 03:34:00,47.2
2024-01-01 03:34:30,45.9
2024-01-01 03:35:00,45.4
2024-01-01 03:35:30,45.4
2024-01-01 03:36:00,46.7
2024-01-01 03:36:30,47.7
2024-01-01 03:37:00,48.5
2024-01-01 03:37:30,48.1
2024-01-01 03:38:00,47.8
2024-01-01 03:38:30,46.4
2024-01-01 03:39:00,46.1
2024-01-01 03:39:30,46.6
2024-01-01 03:40:00,46.9
2024-01-01 03:40:30,46.7
2024-01-01 03:41:00,45.8
2024-01-01 03:41:30,46.3
2024-01-01 03:42:00,46.4
2024-01-01 03:42:30,47.2
2024-01-01 03:43:00,47.1
2024-01-01 03:43:30,46.6
2024-01-01 03:44:00,46.4
2024-01-01 03:44:30,46.5
2024-01-01 03:45:00,47.0
2024-01-01 03:45:30,47.5
2024-01-01 03:46:00,47.1
2024-01-01 03:46:30,47.2
2024-01-01 03:47:00,46.7
2024-01-01 03:47:30,46.6
2024-01-01 03:48:00,46.6
2024-01-01 03:48:30,46.2
2024-01-01 03:49:00,46.6
2024-01-01 03:49:30,46.9
2024-01-01 03:50:00,48.0
2024-01-01 03:50:30,47.6
2024-01-01 03:51:00,47.3
2024-01-01 03:51:30,47.2
2024-01-01 03:52:00,47.3
2024-01-01 03:52:30,47.6
2024-01-01 03:53:00,47.8
2024-01-01 03:53:30,47.8
2024-01-01 03:54:00,47.2
2024-01-01 03:54:30,46.6
2024-01-01 03:55:00,46.1
2024-01-01 03:55:30,45.6
2024-01-01 03:56:00,46.5
2024-01-01 03:56:30,47.9
2024-01-01 03:57:00,48.6
2024-01-01 03:57:30,48.2
2024-01-01 03:58:00,48.6
2024-01-01 03:58:30,48.9
2024-01-01 03:59:00,49.8
2024-01-01 03:59:30,49.0
2024-01-01 04:00:00,47.7
2024-01-01 04:00:30,46.6
2024-01-01 04:01:00,46.2
2024-01-01 04:01:30,46.6
2024-01-01 04:02:00,46.4
2024-01-01 04:02:30,46.1
2024-01-01 04:03:00,46.6
2024-01-01 04:03:30,47.2
2024-01-01 04:04:00,48.4
2024-01-01 04:04:30,48.7
2024-01-01 04:05:00,48.6
2024-01-01 04:05:30,48.5
2024-01-01 04:06:00,48.1
2024-01-01 04:06:30,47.9
2024-01-01 04:07:00,48.3
2024-01-01 04:07:30,48.0
2024-01-01 04:08:00,47.2
2024-01-01 04:08:30,46.9
2024-01-01 04:09:00,46.7
2024-01-01 04:09:30,47.1
2024-01-01 04:10:00,48.1
2024-01-01 04:10:30,48.6
2024-01-01 04:11:00,47.7
2024-01-01 04:11:30,47.7
2024-01-01 04:12:00,47.1
2024-01-01 04:12:30,47.0
2024-01-01 04:13:00,46.9
2024-01-01 04:13:30,46.9
2024-01-01 04:14:00,47.2
2024-01-01 04:14:30,47.2
2024-01-01 04:15:00,47.7
2024-01-01 04:15:30,47.5
2024-01-01 04:16:00,47.3
2024-01-01 04:16:30,47.1
2024-01-01 04:17:00,47.5
2024-01-01 04:17:30,48.0
2024-01-01 04:18:00,48.0
2024-01-01 04:18:30,47.7
2024-01-01 04:19:00,47.7
2024-01-01 04:19:30,47.8
2024-01-01 04:20:00,47.2
2024-01-01 04:20:30,47.7
2024-01-01 04:21:00,47.5
2024-01-01 04:21:30,47.7
2024-01-01 04:22:00,46.8
2024-01-01 04:22:30,46.3
2024-01-01 04:23:00,46.4
2024-01-01 04:23:30,47.2
2024-01-01 04:24:00,47.7
2024-01-01 04:24:30,47.5
2024-01-01 04:25:00,47.7
2024-01-01 04:25:30,46.9
2024-01-01 04:26:00,47.1
2024-01-01 04:26:30,46.9
2024-01-01 04:27:00,47.2
2024-01-01 04:27:30,47.4
2024-01-01 04:28:00,47.5
2024-01-01 04:28:30,47.8
2024-01-01 04:29:00,48.4
2024-01-01 04:29:30,48.1
2024-01-01 04:30:00,48.4
2024-01-01 04:30:30,48.0
2024-01-01 04:31:00,48.3
2024-01-01 04:31:30,48.2
2024-01-01 04:32:00,47.1
2024-01-01 04:32:30,47.3
2024-01-01 04:33:00,47.9
2024-01-01 04:33:30,48.2
2024-01-01 04:34:00,48.3
2024-01-01 04:34:30,48.0
2024-01-01 04:35:00,48.3
2024-01-01 04:35:30,48.5
2024-01-01 04:36:00,49.1
2024-01-01 04:36:30,48.8
2024-01-01 04:37:00,48.6
2024-01-01 04:37:30,48.0
2024-01-01 04:38:00,47.9
2024-01-01 04:38:30,48.0
2024-01-01 04:39:00,48.3
2024-01-01 04:39:30,48.6
2024-01-01 04:40:00,49.3
2024-01-01 04:40:30,49.9
2024-01-01 04:41:00,49.7
2024-01-01 04:41:30,49.1
2024-01-01 04:42:00,48.8
2024-01-01 04:42:30,47.8
2024-01-01 04:43:00,46.7
2024-01-01 04:43:30,46.6
2024-01-01 04:44:00,46.7
2024-01-01 04:44:30,47.9
2024-01-01 04:45:00,48.7
2024-01-01 04:45:30,49.6
2024-01-01 04:46:00,49.3
2024-01-01 04:46:30,48.7
2024-01-01 04:47:00,48.5
2024-01-01 04:47:30,47.7
2024-01-01 04:48:00,48.2
2024-01-01 04:48:30,48.6
2024-01-01 04:49:00,48.4
2024-01-01 04:49:30,49.1
2024-01-01 04:50:00,49.0
2024-01-01 04:50:30,49.3
2024-01-01 04:51:00,49.7
2024-01-01 04:51:30,50.3
2024-01-01 04:52:00,49.6
2024-01-01 04:52:30,49.1
2024-01-01 04:53:00,48.5
2024-01-01 04:53:30,48.3
2024-01-01 04:54:00,48.7
2024-01-01 04:54:30,48.4
2024-01-01 04:55:00,48.7
2024-01-01 04:55:30,48.7
2024-01-01 04:56:00,49.3
2024-01-01 04:56:30,49.4
2024-01-01 04:57:00,49.5
2024-01-01 04:57:30,48.8
2024-01-01 04:58:00,48.4
2024-01-01 04:58:30,48.1
2024-01-01 04:59:00,48.6
2024-01-01 04:59:30,49.0
2024-01-01 05:00:00,49.4
2024-01-01 05:00:30,49.2
2024-01-01 05:01:00,49.9
2024-01-01 05:01:30,50.4
2024-01-01 05:02:00,50.3
2024-01-01 05:02:30,50.1
2024-01-01 05:03:00,48.6
2024-01-01 05:03:30,48.1
2024-01-01 05:04:00,48.1
2024-01-01 05:04:30,49.5
2024-01-01 05:05:00,49.8
2024-01-01 05:05:30,49.5
2024-01-01 05:06:00,49.5
2024-01-01 05:06:30,49.4
2024-01-01 05:07:00,50.5
2024-01-01 05:07:30,50.0
2024-01-01 05:08:00,50.0
2024-01-01 05:08:30,50.0
2024-01-01 05:09:00,49.8
2024-01-01 05:09:30,49.6
2024-01-01 05:10:00,49.4
2024-01-01 05:10:30,50.2
2024-01-01 05:11:00,51.2
2024-01-01 05:11:30,51.2
2024-01-01 05:12:00,50.8
2024-01-01 05:12:30,49.5
2024-01-01 05:13:00,48.9
2024-01-01 05:13:30,49.2
2024-01-01 05:14:00,49.4
2024-01-01 05:14:30,49.9
2024-01-01 05:15:00,49.3
2024-01-01 05:15:30,50.0
2024-01-01 05:16:00,49.4
2024-01-01 05:16:30,49.0
2024-01-01 05:17:00,48.5
2024-01-01 05:17:30,48.5
2024-01-01 05:18:00,49.3
2024-01-01 05:18:30,49.1
2024-01-01 05:19:00,48.6
2024-01-01 05:19:30,48.7
2024-01-01 05:20:00,49.4
2024-01-01 05:20:30,50.1
2024-01-01 05:21:00,49.6
2024-01-01 05:21:30,48.9
2024-01-01 05:22:00,48.7
2024-01-01 05:22:30,48.5
2024-01-01 05:23:00,48.0
2024-01-01 05:23:30,49.0
2024-01-01 05:24:00,49.8
2024-01-01 05:24:30,50.9
2024-01-01 05:25:00,51.5
2024-01-01 05:25:30,51.0
2024-01-01 05:26:00,50.5
2024-01-01 05:26:30,50.2
2024-01-01 05:27:00,51.2
2024-01-01 05:27:30,50.6
2024-01-01 05:28:00,50.5
2024-01-01 05:28:30,50.1
2024-01-01 05:29:00,50.0
2024-01-01 05:29:30,49.8
2024-01-01 05:30:00,49.6
2024-01-01 05:30:30,49.5
2024-01-01 05:31:00,49.6
2024-01-01 05:31:30,49.5
2024-01-01 05:32:00,49.6
2024-01-01 05:32:30,50.1
2024-01-01 05:33:00,50.0
2024-01-01 05:33:30,50.5
2024-01-01 05:34:00,49.6
2024-01-01 05:34:30,50.4
2024-01-01 05:35:00,50.3
2024-01-01 05:35:30,49.5
2024-01-01 05:36:00,49.4
2024-01-01 05:36:30,49.2
2024-01-01 05:37:00,49.0
2024-01-01 05:37:30,49.4
2024-01-01 05:38:00,50.0
2024-01-01 05:38:30,51.5
2024-01-01 05:39:00,51.9
2024-01-01 05:39:30,51.8
2024-01-01 05:40:00,51.0
2024-01-01 05:40:30,50.2
2024-01-01 05:41:00,50.0
2024-01-01 05:41:30,50.3
2024-01-01 05:42:00,50.1
2024-01-01 05:42:30,50.6
2024-01-01 05:43:00,50.5
2024-01-01 05:43:30,50.7
2024-01-01 05:44:00,51.0
2024-01-01 05:44:30,51.2
2024-01-01 05:45:00,50.9
2024-01-01 05:45:30,51.2
2024-01-01 05:46:00,50.7
2024-01-01 05:46:30,51.1
2024-01-01 05:47:00,51.1
2024-01-01 05:47:30,50.8
2024-01-01 05:48:00,50.8
2024-01-01 05:48:30,50.4
2024-01-01 05:49:00,51.0
2024-01-01 05:49:30,50.9
2024-01-01 05:50:00,50.9
2024-01-01 05:50:30,51.0
2024-01-01 05:51:00,50.1
2024-01-01 05:51:30,49.7
2024-01-01 05:52:00,49.6
2024-01-01 05:52:30,50.6
2024-01-01 05:53:00,50.5
2024-01-01 05:53:30,51.5
2024-01-01 05:54:00,50.7
2024-01-01 05:54:30,51.8
2024-01-01 05:55:00,51.4
2024-01-01 05:55:30,51.3
2024-01-01 05:56:00,51.0
2024-01-01 05:56:30,51.4
2024-01-01 05:57:00,51.6
2024-01-01 05:57:30,52.0
2024-01-01 05:58:00,51.7
2024-01-01 05:58:30,51.5
2024-01-01 05:59:00,51.2
2024-01-01 05:59:30,51.1
2024-01-01 06:00:00,50.8
2024-01-01 06:00:30,50.2
2024-01-01 06:01:00,50.4
2024-01-01 06:01:30,51.3
2024-01-01 06:02:00,51.6
2024-01-01 06:02:30,51.6
2024-01-01 06:03:00,51.5
2024-01-01 06:03:30,51.5
2024-01-01 06:04:00,51.2
2024-01-01 06:04:30,50.9
2024-01-01 06:05:00,51.2
2024-01-01 06:05:30,50.9
2024-01-01 06:06:00,51.3
2024-01-01 06:06:30,51.0
2024-01-01 06:07:00,52.1
2024-01-01 06:07:30,52.3
2024-01-01 06:08:00,52.8
2024-01-01 06:08:30,53.2
2024-01-01 06:09:00,53.2
2024-01-01 06:09:30,52.4
2024-01-01 06:10:00,50.8
2024-01-01 06:10:30,50.5
2024-01-01 06:11:00,51.0
2024-01-01 06:11:30,51.6
2024-01-01 06:12:00,52.0
2024-01-01 06:12:30,51.7
2024-01-01 06:13:00,51.7
2024-01-01 06:13:30,51.1
2024-01-01 06:14:00,50.9
2024-01-01 06:14:30,50.5
2024-01-01 06:15:00,50.5
2024-01-01 06:15:30,50.7
2024-01-01 06:16:00,51.2
2024-01-01 06:16:30,52.4
2024-01-01 06:17:00,52.7
2024-01-01 06:17:30,53.9
2024-01-01 06:18:00,53.1
2024-01-01 06:18:30,52.8
2024-01-01 06:19:00,52.0
2024-01-01 06:19:30,52.4
2024-01-01 06:20:00,52.5
2024-01-01 06:20:30,53.1
2024-01-01 06:21:00,54.0
2024-01-01 06:21:30,53.4
2024-01-01 06:22:00,53.3
2024-01-01 06:22:30,52.6
2024-01-01 06:23:00,52.9
2024-01-01 06:23:30,53.6
2024-01-01 06:24:00,53.4
2024-01-01 06:24:30,53.9
2024-01-01 06:25:00,53.4
2024-01-01 06:25:30,53.1
2024-01-01 06:26:00,53.4
2024-01-01 06:26:30,53.3
2024-01-01 06:27:00,52.9
2024-01-01 06:27:30,51.9
2024-01-01 06:28:00,51.9
2024-01-01 06:28:30,52.3
2024-01-01 06:29:00,52.8
2024-01-01 06:29:30,53.0
2024-01-01 06:30:00,52.8
2024-01-01 06:30:30,52.4
2024-01-01 06:31:00,53.0
2024-01-01 06:31:30,53.6
2024-01-01 06:32:00,54.0
2024-01-01 06:32:30,54.2
2024-01-01 06:33:00,54.1
2024-01-01 06:33:30,53.5
2024-01-01 06:34:00,52.9
2024-01-01 06:34:30,52.3
2024-01-01 06:35:00,53.0
2024-01-01 06:35:30,53.1
2024-01-01 06:36:00,52.9
2024-01-01 06:36:30,52.4
2024-01-01 06:37:00,52.6
2024-01-01 06:37:30,53.5
2024-01-01 06:38:00,53.6
2024-01-01 06:38:30,53.9
2024-01-01 06:39:00,53.7
2024-01-01 06:39:30,53.7
2024-01-01 06:40:00,53.8
2024-01-01 06:40:30,53.4
2024-01-01 06:41:00,53.3
2024-01-01 06:41:30,53.0
2024-01-01 06:42:00,53.1
2024-01-01 06:42:30,53.1
2024-01-01 06:43:00,53.6
2024-01-01 06:43:30,53.6
2024-01-01 06:44:00,54.0
2024-01-01 06:44:30,53.3
2024-01-01 06:45:00,53.6
2024-01-01 06:45:30,53.7
2024-01-01 06:46:00,54.6
2024-01-01 06:46:30,54.3
2024-01-01 06:47:00,54.3
2024-01-01 06:47:30,53.5
2024-01-01 06:48:00,54.0
2024-01-01 06:48:30,54.4
2024-01-01 06:49:00,54.5
2024-01-01 06:49:30,54.8
2024-01-01 06:50:00,54.7
2024-01-01 06:50:30,55.5
2024-01-01 06:51:00,55.5
2024-01-01 06:51:30,54.8
2024-01-01 06:52:00,54.7
2024-01-01 06:52:30,55.2
2024-01-01 06:53:00,55.2
2024-01-01 06:53:30,54.3
2024-01-01 06:54:00,53.7
2024-01-01 06:54:30,53.3
2024-01-01 06:55:00,52.8
2024-01-01 06:55:30,52.8
2024-01-01 06:56:00,53.0
2024-01-01 06:56:30,53.4
2024-01-01 06:57:00,54.2
2024-01-01 06:57:30,54.7
2024-01-01 06:58:00,55.2
2024-01-01 06:58:30,54.6
2024-01-01 06:59:00,54.9
2024-01-01 06:59:30,54.6
2024-01-01 07:00:00,54.6
2024-01-01 07:00:30,54.6
2024-01-01 07:01:00,54.2
2024-01-01 07:01:30,54.7
2024-01-01 07:02:00,54.9
2024-01-01 07:02:30,55.5
2024-01-01 07:03:00,55.7
2024-01-01 07:03:30,56.1
2024-01-01 07:04:00,54.9
2024-01-01 07:04:30,54.3
2024-01-01 07:05:00,53.9
2024-01-01 07:05:30,54.2
2024-01-01 07:06:00,54.8
2024-01-01 07:06:30,55.7
2024-01-01 07:07:00,55.7
2024-01-01 07:07:30,55.0
2024-01-01 07:08:00,54.6
2024-01-01 07:08:30,54.9
2024-01-01 07:09:00,54.9
2024-01-01 07:09:30,55.2
2024-01-01 07:10:00,55.1
2024-01-01 07:10:30,55.1
2024-01-01 07:11:00,56.1
2024-01-01 07:11:30,56.2
2024-01-01 07:12:00,55.5
2024-01-01 07:12:30,55.2
2024-01-01 07:13:00,55.4
2024-01-01 07:13:30,56.0
2024-01-01 07:14:00,56.4
2024-01-01 07:14:30,56.6
2024-01-01 07:15:00,55.5
2024-01-01 07:15:30,54.6
2024-01-01 07:16:00,54.1
2024-01-01 07:16:30,54.7
2024-01-01 07:17:00,55.5
2024-01-01 07:17:30,56.3
2024-01-01 07:18:00,55.8
2024-01-01 07:18:30,56.0
2024-01-01 07:19:00,56.3
2024-01-01 07:19:30,57.1
2024-01-01 07:20:00,57.3
2024-01-01 07:20:30,56.3
2024-01-01 07:21:00,56.1
2024-01-01 07:21:30,56.6
2024-01-01 07:22:00,57.1
2024-01-01 07:22:30,57.4
2024-01-01 07:23:00,56.8
2024-01-01 07:23:30,56.4
2024-01-01 07:24:00,56.7
2024-01-01 07:24:30,57.0
2024-01-01 07:25:00,57.2
2024-01-01 07:25:30,57.2
2024-01-01 07:26:00,57.5
2024-01-01 07:26:30,57.7
2024-01-01 07:27:00,57.6
2024-01-01 07:27:30,57.1
2024-01-01 07:28:00,56.7
2024-01-01 07:28:30,56.5
2024-01-01 07:29:00,56.8
2024-01-01 07:29:30,56.2
2024-01-01 07:30:00,56.3
2024-01-01 07:30:30,56.2
2024-01-01 07:31:00,56.7
2024-01-01 07:31:30,57.1
2024-01-01 07:32:00,56.7
2024-01-01 07:32:30,56.4
2024-01-01 07:33:00,56.0
2024-01-01 07:33:30,57.0
2024-01-01 07:34:00,57.5
2024-01-01 07:34:30,58.1
2024-01-01 07:35:00,57.2
2024-01-01 07:35:30,57.3
2024-01-01 07:36:00,57.3
2024-01-01 07:36:30,57.7
2024-01-01 07:37:00,57.3
2024-01-01 07:37:30,57.3
2024-01-01 07:38:00,57.2
2024-01-01 07:38:30,57.0
2024-01-01 07:39:00,56.9
2024-01-01 07:39:30,57.0
2024-01-01 07:40:00,57.2
2024-01-01 07:40:30,56.6
2024-01-01 07:41:00,56.8
2024-01-01 07:41:30,56.6
2024-01-01 07:42:00,57.0
2024-01-01 07:42:30,56.3
2024-01-01 07:43:00,56.8
2024-01-01 07:43:30,57.4
2024-01-01 07:44:00,58.0
2024-01-01 07:44:30,57.7
2024-01-01 07:45:00,57.4
2024-01-01 07:45:30,57.4
2024-01-01 07:46:00,56.3
2024-01-01 07:46:30,55.9
2024-01-01 07:47:00,56.4
2024-01-01 07:47:30,56.6
2024-01-01 07:48:00,56.9
2024-01-01 07:48:30,57.4
2024-01-01 07:49:00,57.3
2024-01-01 07:49:30,57.0
2024-01-01 07:50:00,56.9
2024-01-01 07:50:30,57.8
2024-01-01 07:51:00,58.3
2024-01-01 07:51:30,58.2
2024-01-01 07:52:00,58.2
2024-01-01 07:52:30,57.0
2024-01-01 07:53:00,56.5
2024-01-01 07:53:30,56.7
2024-01-01 07:54:00,57.3
2024-01-01 07:54:30,57.8
2024-01-01 07:55:00,57.6
2024-01-01 07:55:30,57.9
2024-01-01 07:56:00,57.6
2024-01-01 07:56:30,58.6
2024-01-01 07:57:00,58.5
2024-01-01 07:57:30,59.0
2024-01-01 07:58:00,58.7
2024-01-01 07:58:30,58.8
2024-01-01 07:59:00,58.8
2024-01-01 07:59:30,59.0
2024-01-01 08:00:00,59.2
2024-01-01 08:00:30,59.4
2024-01-01 08:01:00,59.0
2024-01-01 08:01:30,59.1
2024-01-01 08:02:00,58.8
2024-01-01 08:02:30,59.3
2024-01-01 08:03:00,58.9
2024-01-01 08:03:30,59.2
2024-01-01 08:04:00,58.4
2024-01-01 08:04:30,57.7
2024-01-01 08:05:00,58.0
2024-01-01 08:05:30,58.0
2024-01-01 08:06:00,58.6
2024-01-01 08:06:30,57.9
2024-01-01 08:07:00,57.6
2024-01-01 08:07:30,56.7
2024-01-01 08:08:00,56.8
2024-01-01 08:08:30,56.4
2024-01-01 08:09:00,57.3
2024-01-01 08:09:30,58.6
2024-01-01 08:10:00,59.2
2024-01-01 08:10:30,59.1
2024-01-01 08:11:00,58.5
2024-01-01 08:11:30,58.4
2024-01-01 08:12:00,58.6
2024-01-01 08:12:30,58.8
2024-01-01 08:13:00,59.7
2024-01-01 08:13:30,59.7
2024-01-01 08:14:00,59.4
2024-01-01 08:14:30,58.9
2024-01-01 08:15:00,58.5
2024-01-01 08:15:30,57.8
2024-01-01 08:16:00,58.1
2024-01-01 08:16:30,58.0
2024-01-01 08:17:00,58.5
2024-01-01 08:17:30,59.3
2024-01-01 08:18:00,60.2
2024-01-01 08:18:30,60.1
2024-01-01 08:19:00,59.8
2024-01-01 08:19:30,60.2
2024-01-01 08:20:00,60.6
2024-01-01 08:20:30,60.4
2024-01-01 08:21:00,59.9
2024-01-01 08:21:30,59.5
2024-01-01 08:22:00,60.0
2024-01-01 08:22:30,60.3
2024-01-01 08:23:00,60.7
2024-01-01 08:23:30,60.6
2024-01-01 08:24:00,60.6
2024-01-01 08:24:30,60.2
2024-01-01 08:25:00,60.9
2024-01-01 08:25:30,60.7
2024-01-01 08:26:00,61.3
2024-01-01 08:26:30,60.6
2024-01-01 08:27:00,61.0
2024-01-01 08:27:30,60.1
2024-01-01 08:28:00,59.6
2024-01-01 08:28:30,59.5
2024-01-01 08:29:00,59.7
2024-01-01 08:29:30,60.2
2024-01-01 08:30:00,60.3
2024-01-01 08:30:30,60.3
2024-01-01 08:31:00,60.9
2024-01-01 08:31:30,61.9
2024-01-01 08:32:00,62.0
2024-01-01 08:32:30,61.3
2024-01-01 08:33:00,60.8
2024-01-01 08:33:30,60.4
2024-01-01 08:34:00,60.4
2024-01-01 08:34:30,59.6
2024-01-01 08:35:00,59.6
2024-01-01 08:35:30,59.4
2024-01-01 08:36:00,60.3
2024-01-01 08:36:30,60.8
2024-01-01 08:37:00,60.7
2024-01-01 08:37:30,60.8
2024-01-01 08:38:00,59.8
2024-01-01 08:38:30,59.8
2024-01-01 08:39:00,60.7
2024-01-01 08:39:30,61.6
2024-01-01 08:40:00,62.1
2024-01-01 08:40:30,61.4
2024-01-01 08:41:00,61.5
2024-01-01 08:41:30,61.1
2024-01-01 08:42:00,61.2
2024-01-01 08:42:30,61.3
2024-01-01 08:43:00,61.3
2024-01-01 08:43:30,61.0
2024-01-01 08:44:00,61.8
2024-01-01 08:44:30,61.9
2024-01-01 08:45:00,61.5
2024-01-01 08:45:30,61.5
2024-01-01 08:46:00,61.4
2024-01-01 08:46:30,61.2
2024-01-01 08:47:00,60.8
2024-01-01 08:47:30,60.8
2024-01-01 08:48:00,61.3
2024-01-01 08:48:30,62.0
2024-01-01 08:49:00,62.0
2024-01-01 08:49:30,61.2
2024-01-01 08:50:00,61.1
2024-01-01 08:50:30,59.9
2024-01-01 08:51:00,60.8
2024-01-01 08:51:30,60.0
2024-01-01 08:52:00,60.4
2024-01-01 08:52:30,60.3
2024-01-01 08:53:00,60.7
2024-01-01 08:53:30,61.6
2024-01-01 08:54:00,61.6
2024-01-01 08:54:30,61.9
2024-01-01 08:55:00,61.8
2024-01-01 08:55:30,61.9
2024-01-01 08:56:00,61.7
2024-01-01 08:56:30,61.3
2024-01-01 08:57:00,61.6
2024-01-01 08:57:30,61.1
2024-01-01 08:58:00,61.0
2024-01-01 08:58:30,61.7
2024-01-01 08:59:00,62.7
2024-01-01 08:59:30,62.7
2024-01-01 09:00:00,62.1
2024-01-01 09:00:30,62.1
2024-01-01 09:01:00,62.4
2024-01-01 09:01:30,63.4
2024-01-01 09:02:00,63.2
2024-01-01 09:02:30,63.2
2024-01-01 09:03:00,63.0
2024-01-01 09:03:30,62.6
2024-01-01 09:04:00,62.3
2024-01-01 09:04:30,62.1
2024-01-01 09:05:00,62.3
2024-01-01 09:05:30,62.5
2024-01-01 09:06:00,62.9
2024-01-01 09:06:30,62.9
2024-01-01 09:07:00,63.0
2024-01-01 09:07:30,62.4
2024-01-01 09:08:00,62.2
2024-01-01 09:08:30,61.7
2024-01-01 09:09:00,62.8
2024-01-01 09:09:30,62.7
2024-01-01 09:10:00,62.9
2024-01-01 09:10:30,61.9
2024-01-01 09:11:00,63.4
2024-01-01 09:11:30,63.0
2024-01-01 09:12:00,63.5
2024-01-01 09:12:30,62.5
2024-01-01 09:13:00,62.7
2024-01-01 09:13:30,62.4
2024-01-01 09:14:00,62.9
2024-01-01 09:14:30,63.7
2024-01-01 09:15:00,63.5
2024-01-01 09:15:30,63.7
2024-01-01 09:16:00,63.8
2024-01-01 09:16:30,63.8
2024-01-01 09:17:00,64.0
2024-01-01 09:17:30,64.2
2024-01-01 09:18:00,64.8
2024-01-01 09:18:30,64.2
2024-01-01 09:19:00,64.2
2024-01-01 09:19:30,64.5
2024-01-01 09:20:00,64.8
2024-01-01 09:20:30,64.6
2024-01-01 09:21:00,64.2
2024-01-01 09:21:30,63.4
2024-01-01 09:22:00,63.9
2024-01-01 09:22:30,63.1
2024-01-01 09:23:00,63.3
2024-01-01 09:23:30,63.0
2024-01-01 09:24:00,63.5
2024-01-01 09:24:30,63.8
2024-01-01 09:25:00,64.3
2024-01-01 09:25:30,64.6
2024-01-01 09:26:00,64.9
2024-01-01 09:26:30,64.6
2024-01-01 09:27:00,64.5
2024-01-01 09:27:30,64.5
2024-01-01 09:28:00,64.5
2024-01-01 09:28:30,63.9
2024-01-01 09:29:00,64.2
2024-01-01 09:29:30,64.5
2024-01-01 09:30:00,64.5
2024-01-01 09:30:30,64.8
2024-01-01 09:31:00,64.3
2024-01-01 09:31:30,64.2
2024-01-01 09:32:00,63.8
2024-01-01 09:32:30,63.6
2024-01-01 09:33:00,63.3
2024-01-01 09:33:30,63.3
2024-01-01 09:34:00,64.2
2024-01-01 09:34:30,63.4
2024-01-01 09:35:00,62.9
2024-01-01 09:35:30,62.2
2024-01-01 09:36:00,63.0
2024-01-01 09:36:30,63.7
2024-01-01 09:37:00,65.1
2024-01-01 09:37:30,65.5
2024-01-01 09:38:00,65.4
2024-01-01 09:38:30,66.1
2024-01-01 09:39:00,65.2
2024-01-01 09:39:30,64.6
2024-01-01 09:40:00,63.6
2024-01-01 09:40:30,64.5
2024-01-01 09:41:00,63.8
2024-01-01 09:41:30,64.3
2024-01-01 09:42:00,65.6
2024-01-01 09:42:30,66.8
2024-01-01 09:43:00,66.8
2024-01-01 09:43:30,66.3
2024-01-01 09:44:00,66.0
2024-01-01 09:44:30,65.9
2024-01-01 09:45:00,65.8
2024-01-01 09:45:30,65.5
2024-01-01 09:46:00,65.1
2024-01-01 09:46:30,64.8
2024-01-01 09:47:00,64.3
2024-01-01 09:47:30,64.2
2024-01-01 09:48:00,63.7
2024-01-01 09:48:30,64.1
2024-01-01 09:49:00,64.0
2024-01-01 09:49:30,64.5
2024-01-01 09:50:00,65.4
2024-01-01 09:50:30,66.0
2024-01-01 09:51:00,65.7
2024-01-01 09:51:30,64.7
2024-01-01 09:52:00,64.6
2024-01-01 09:52:30,65.1
2024-01-01 09:53:00,65.0
2024-01-01 09:53:30,65.2
2024-01-01 09:54:00,65.3
2024-01-01 09:54:30,64.9
2024-01-01 09:55:00,64.9
2024-01-01 09:55:30,64.6
2024-01-01 09:56:00,64.7
2024-01-01 09:56:30,65.1
2024-01-01 09:57:00,64.9
2024-01-01 09:57:30,65.6
2024-01-01 09:58:00,65.8
2024-01-01 09:58:30,66.5
2024-01-01 09:59:00,66.5
2024-01-01 09:59:30,66.8
2024-01-01 10:00:00,66.3
2024-01-01 10:00:30,66.0
2024-01-01 10:01:00,66.1
2024-01-01 10:01:30,66.3
2024-01-01 10:02:00,66.1
2024-01-01 10:02:30,65.9
2024-01-01 10:03:00,65.3
2024-01-01 10:03:30,65.3
2024-01-01 10:04:00,65.3
2024-01-01 10:04:30,66.2
2024-01-01 10:05:00,65.4
2024-01-01 10:05:30,65.6
2024-01-01 10:06:00,65.7
2024-01-01 10:06:30,66.6
2024-01-01 10:07:00,66.6
2024-01-01 10:07:30,67.0
2024-01-01 10:08:00,66.3
2024-01-01 10:08:30,66.6
2024-01-01 10:09:00,66.4
2024-01-01 10:09:30,67.2
2024-01-01 10:10:00,66.5
2024-01-01 10:10:30,66.9
2024-01-01 10:11:00,67.0
2024-01-01 10:11:30,67.0
2024-01-01 10:12:00,66.7
2024-01-01 10:12:30,66.6
2024-01-01 10:13:00,66.8
2024-01-01 10:13:30,67.3
2024-01-01 10:14:00,67.9
2024-01-01 10:14:30,68.0
2024-01-01 10:15:00,66.9
2024-01-01 10:15:30,66.6
2024-01-01 10:16:00,67.0
2024-01-01 10:16:30,68.2
2024-01-01 10:17:00,68.0
2024-01-01 10:17:30,68.5
2024-01-01 10:18:00,68.3
2024-01-01 10:18:30,67.9
2024-01-01 10:19:00,67.9
2024-01-01 10:19:30,68.0
2024-01-01 10:20:00,67.3
2024-01-01 10:20:30,66.8
2024-01-01 10:21:00,66.3
2024-01-01 10:21:30,66.0
2024-01-01 10:22:00,66.1
2024-01-01 10:22:30,66.1
2024-01-01 10:23:00,66.7
2024-01-01 10:23:30,66.5
2024-01-01 10:24:00,66.9
2024-01-01 10:24:30,66.7
2024-01-01 10:25:00,67.2
2024-01-01 10:25:30,67.3
2024-01-01 10:26:00,66.9
2024-01-01 10:26:30,67.5
2024-01-01 10:27:00,68.0
2024-01-01 10:27:30,67.9
2024-01-01 10:28:00,68.5
2024-01-01 10:28:30,68.0
2024-01-01 10:29:00,67.7
2024-01-01 10:29:30,67.7
2024-01-01 10:30:00,68.1
2024-01-01 10:30:30,68.0
2024-01-01 10:31:00,68.0
2024-01-01 10:31:30,67.3
2024-01-01 10:32:00,67.3
2024-01-01 10:32:30,66.8
2024-01-01 10:33:00,67.1
2024-01-01 10:33:30,67.1
2024-01-01 10:34:00,67.8
2024-01-01 10:34:30,68.8
2024-01-01 10:35:00,69.0
2024-01-01 10:35:30,68.6
2024-01-01 10:36:00,67.9
2024-01-01 10:36:30,68.1
2024-01-01 10:37:00,69.0
2024-01-01 10:37:30,69.3
2024-01-01 10:38:00,70.0
2024-01-01 10:38:30,69.2
2024-01-01 10:39:00,68.8
2024-01-01 10:39:30,68.3
2024-01-01 10:40:00,68.4
2024-01-01 10:40:30,68.6
2024-01-01 10:41:00,69.0
2024-01-01 10:41:30,68.8
2024-01-01 10:42:00,67.7
2024-01-01 10:42:30,67.1
2024-01-01 10:43:00,66.9
2024-01-01 10:43:30,67.4
2024-01-01 10:44:00,67.2
2024-01-01 10:44:30,67.5
2024-01-01 10:45:00,68.8
2024-01-01 10:45:30,70.1
2024-01-01 10:46:00,69.8
2024-01-01 10:46:30,69.6
2024-01-01 10:47:00,69.2
2024-01-01 10:47:30,69.1
2024-01-01 10:48:00,69.3
2024-01-01 10:48:30,69.1
2024-01-01 10:49:00,69.1
2024-01-01 10:49:30,69.1
2024-01-01 10:50:00,68.9
2024-01-01 10:50:30,69.2
2024-01-01 10:51:00,68.9
2024-01-01 10:51:30,68.7
2024-01-01 10:52:00,68.8
2024-01-01 10:52:30,68.6
2024-01-01 10:53:00,69.1
2024-01-01 10:53:30,69.4
2024-01-01 10:54:00,69.9
2024-01-01 10:54:30,69.9
2024-01-01 10:55:00,70.0
2024-01-01 10:55:30,70.3
2024-01-01 10:56:00,70.5
2024-01-01 10:56:30,70.0
2024-01-01 10:57:00,69.2
2024-01-01 10:57:30,68.3
2024-01-01 10:58:00,68.2
2024-01-01 10:58:30,68.5
2024-01-01 10:59:00,68.8
2024-01-01 10:59:30,69.2
2024-01-01 11:00:00,69.5
2024-01-01 11:00:30,69.9
2024-01-01 11:01:00,69.8
2024-01-01 11:01:30,69.7
2024-01-01 11:02:00,69.1
2024-01-01 11:02:30,68.2
2024-01-01 11:03:00,68.3
2024-01-01 11:03:30,68.8
2024-01-01 11:04:00,69.2
2024-01-01 11:04:30,70.4
2024-01-01 11:05:00,71.0
2024-01-01 11:05:30,71.2
2024-01-01 11:06:00,70.8
2024-01-01 11:06:30,70.9
2024-01-01 11:07:00,70.2
2024-01-01 11:07:30,69.8
2024-01-01 11:08:00,69.4
2024-01-01 11:08:30,69.5
2024-01-01 11:09:00,69.7
2024-01-01 11:09:30,70.0
2024-01-01 11:10:00,70.2
2024-01-01 11:10:30,70.5
2024-01-01 11:11:00,70.9
2024-01-01 11:11:30,71.1
2024-01-01 11:12:00,70.3
2024-01-01 11:12:30,69.1
2024-01-01 11:13:00,68.5
2024-01-01 11:13:30,69.4
2024-01-01 11:14:00,69.1
2024-01-01 11:14:30,69.3
2024-01-01 11:15:00,68.9
2024-01-01 11:15:30,69.2
2024-01-01 11:16:00,70.1
2024-01-01 11:16:30,70.2
2024-01-01 11:17:00,69.5
2024-01-01 11:17:30,68.8
2024-01-01 11:18:00,69.2
2024-01-01 11:18:30,69.8
2024-01-01 11:19:00,69.8
2024-01-01 11:19:30,70.4
2024-01-01 11:20:00,70.6
2024-01-01 11:20:30,70.9
2024-01-01 11:21:00,70.8
2024-01-01 11:21:30,70.6
2024-01-01 11:22:00,71.1
2024-01-01 11:22:30,70.7
2024-01-01 11:23:00,70.5
2024-01-01 11:23:30,69.9
2024-01-01 11:24:00,70.0
2024-01-01 11:24:30,70.2
2024-01-01 11:25:00,70.7
2024-01-01 11:25:30,71.1
2024-01-01 11:26:00,70.3
2024-01-01 11:26:30,70.2
2024-01-01 11:27:00,71.0
2024-01-01 11:27:30,71.0
2024-01-01 11:28:00,71.0
2024-01-01 11:28:30,71.5
2024-01-01 11:29:00,71.6
2024-01-01 11:29:30,72.3
2024-01-01 11:30:00,72.2
2024-01-01 11:30:30,71.9
2024-01-01 11:31:00,72.4
2024-01-01 11:31:30,71.7
2024-01-01 11:32:00,72.1
2024-01-01 11:32:30,72.2
2024-01-01 11:33:00,72.7
2024-01-01 11:33:30,72.6
2024-01-01 11:34:00,71.9
2024-01-01 11:34:30,71.2
2024-01-01 11:35:00,71.5
2024-01-01 11:35:30,71.7
2024-01-01 11:36:00,72.5
2024-01-01 11:36:30,72.0
2024-01-01 11:37:00,71.5
2024-01-01 11:37:30,71.0
2024-01-01 11:38:00,70.6
2024-01-01 11:38:30,70.9
2024-01-01 11:39:00,71.5
2024-01-01 11:39:30,71.2
2024-01-01 11:40:00,71.3
2024-01-01 11:40:30,72.0
2024-01-01 11:41:00,72.8
2024-01-01 11:41:30,72.8
2024-01-01 11:42:00,72.3
2024-01-01 11:42:30,71.5
2024-01-01 11:43:00,71.3
2024-01-01 11:43:30,72.0
2024-01-01 11:44:00,72.0
2024-01-01 11:44:30,72.3
2024-01-01 11:45:00,72.8
2024-01-01 11:45:30,73.1
2024-01-01 11:46:00,73.1
2024-01-01 11:46:30,73.4
2024-01-01 11:47:00,72.6
2024-01-01 11:47:30,72.8
2024-01-01 11:48:00,72.6
2024-01-01 11:48:30,72.9
2024-01-01 11:49:00,73.3
2024-01-01 11:49:30,73.2
2024-01-01 11:50:00,73.1
2024-01-01 11:50:30,72.8
2024-01-01 11:51:00,72.0
2024-01-01 11:51:30,71.1
2024-01-01 11:52:00,71.0
2024-01-01 11:52:30,71.1
2024-01-01 11:53:00,72.4
2024-01-01 11:53:30,71.9
2024-01-01 11:54:00,72.1
2024-01-01 11:54:30,72.2
2024-01-01 11:55:00,72.8
2024-01-01 11:55:30,73.1
2024-01-01 11:56:00,73.0
2024-01-01 11:56:30,72.5
2024-01-01 11:57:00,72.4
2024-01-01 11:57:30,72.7
2024-01-01 11:58:00,73.0
2024-01-01 11:58:30,73.7
2024-01-01 11:59:00,73.6
2024-01-01 11:59:30,73.8
2024-01-01 12:00:00,73.7
2024-01-01 12:00:30,73.5
2024-01-01 12:01:00,72.9
2024-01-01 12:01:30,72.2
2024-01-01 12:02:00,72.3
2024-01-01 12:02:30,72.2
2024-01-01 12:03:00,72.7
2024-01-01 12:03:30,73.2
2024-01-01 12:04:00,73.7
2024-01-01 12:04:30,73.6
2024-01-01 12:05:00,73.8
2024-01-01 12:05:30,74.4
2024-01-01 12:06:00,74.4
2024-01-01 12:06:30,74.7
2024-01-01 12:07:00,73.7
2024-01-01 12:07:30,72.7
2024-01-01 12:08:00,73.3
2024-01-01 12:08:30,73.7
2024-01-01 12:09:00,74.2
2024-01-01 12:09:30,73.7
2024-01-01 12:10:00,73.0
2024-01-01 12:10:30,72.2
2024-01-01 12:11:00,72.2
2024-01-01 12:11:30,72.3
2024-01-01 12:12:00,72.9
2024-01-01 12:12:30,73.8
2024-01-01 12:13:00,74.2
2024-01-01 12:13:30,73.7
2024-01-01 12:14:00,73.2
2024-01-01 12:14:30,73.5
2024-01-01 12:15:00,73.7
2024-01-01 12:15:30,73.3
2024-01-01 12:16:00,73.1
2024-01-01 12:16:30,73.1
2024-01-01 12:17:00,73.1
2024-01-01 12:17:30,73.6
2024-01-01 12:18:00,73.4
2024-01-01 12:18:30,73.4
2024-01-01 12:19:00,73.0
2024-01-01 12:19:30,73.2
2024-01-01 12:20:00,73.8
2024-01-01 12:20:30,73.9
2024-01-01 12:21:00,74.5
2024-01-01 12:21:30,74.0
2024-01-01 12:22:00,73.9
2024-01-01 12:22:30,73.5
2024-01-01 12:23:00,72.3
2024-01-01 12:23:30,72.0
2024-01-01 12:24:00,72.3
2024-01-01 12:24:30,73.9
2024-01-01 12:25:00,74.2
2024-01-01 12:25:30,75.1
2024-01-01 12:26:00,74.4
2024-01-01 12:26:30,74.8
2024-01-01 12:27:00,75.6
2024-01-01 12:27:30,76.3
2024-01-01 12:28:00,76.4
2024-01-01 12:28:30,75.9
2024-01-01 12:29:00,75.4
2024-01-01 12:29:30,74.9
2024-01-01 12:30:00,74.4
2024-01-01 12:30:30,73.7
2024-01-01 12:31:00,73.4
2024-01-01 12:31:30,73.5
2024-01-01 12:32:00,73.7
2024-01-01 12:32:30,74.0
2024-01-01 12:33:00,74.6
2024-01-01 12:33:30,75.0
2024-01-01 12:34:00,74.8
2024-01-01 12:34:30,74.8
2024-01-01 12:35:00,73.7
2024-01-01 12:35:30,73.4
2024-01-01 12:36:00,72.9
2024-01-01 12:36:30,72.7
2024-01-01 12:37:00,73.6
2024-01-01 12:37:30,74.4
2024-01-01 12:38:00,75.1
2024-01-01 12:38:30,75.0
2024-01-01 12:39:00,74.8
2024-01-01 12:39:30,75.6
2024-01-01 12:40:00,75.6
2024-01-01 12:40:30,75.1
2024-01-01 12:41:00,74.2
2024-01-01 12:41:30,73.8
2024-01-01 12:42:00,74.4
2024-01-01 12:42:30,75.6
2024-01-01 12:43:00,76.2
2024-01-01 12:43:30,75.8
2024-01-01 12:44:00,74.6
2024-01-01 12:44:30,73.6
2024-01-01 12:45:00,73.7
2024-01-01 12:45:30,73.4
2024-01-01 12:46:00,74.1
2024-01-01 12:46:30,73.9
2024-01-01 12:47:00,73.9
2024-01-01 12:47:30,73.5
2024-01-01 12:48:00,74.0
2024-01-01 12:48:30,73.4
2024-01-01 12:49:00,73.0
2024-01-01 12:49:30,72.7
2024-01-01 12:50:00,74.4
2024-01-01 12:50:30,75.7
2024-01-01 12:51:00,76.0
2024-01-01 12:51:30,75.1
2024-01-01 12:52:00,74.5
2024-01-01 12:52:30,74.5
2024-01-01 12:53:00,74.4
2024-01-01 12:53:30,75.1
2024-01-01 12:54:00,75.5
2024-01-01 12:54:30,75.8
2024-01-01 12:55:00,75.1
2024-01-01 12:55:30,74.5
2024-01-01 12:56:00,74.0
2024-01-01 12:56:30,74.1
2024-01-01 12:57:00,74.6
2024-01-01 12:57:30,75.1
2024-01-01 12:58:00,75.5
2024-01-01 12:58:30,75.2
2024-01-01 12:59:00,75.7
2024-01-01 12:59:30,75.0
2024-01-01 13:00:00,74.5
2024-01-01 13:00:30,73.9
2024-01-01 13:01:00,73.7
2024-01-01 13:01:30,74.9
2024-01-01 13:02:00,75.3
2024-01-01 13:02:30,75.4
2024-01-01 13:03:00,75.1
2024-01-01 13:03:30,74.8
2024-01-01 13:04:00,74.3
2024-01-01 13:04:30,74.5
2024-01-01 13:05:00,74.9
2024-01-01 13:05:30,74.5
2024-01-01 13:06:00,74.8
2024-01-01 13:06:30,74.4
2024-01-01 13:07:00,74.9
2024-01-01 13:07:30,74.8
2024-01-01 13:08:00,74.6
2024-01-01 13:08:30,75.1
2024-01-01 13:09:00,74.7
2024-01-01 13:09:30,75.0
2024-01-01 13:10:00,75.3
2024-01-01 13:10:30,75.7
2024-01-01 13:11:00,75.2
2024-01-01 13:11:30,75.5
2024-01-01 13:12:00,75.7
2024-01-01 13:12:30,75.9
2024-01-01 13:13:00,75.5
2024-01-01 13:13:30,75.1
2024-01-01 13:14:00,74.7
2024-01-01 13:14:30,74.4
2024-01-01 13:15:00,73.9
2024-01-01 13:15:30,73.7
2024-01-01 13:16:00,74.6
2024-01-01 13:16:30,74.9
2024-01-01 13:17:00,74.2
2024-01-01 13:17:30,74.8
2024-01-01 13:18:00,75.9
2024-01-01 13:18:30,76.7
2024-01-01 13:19:00,76.0
2024-01-01 13:19:30,75.6
2024-01-01 13:20:00,75.6
2024-01-01 13:20:30,76.0
2024-01-01 13:21:00,75.3
2024-01-01 13:21:30,74.9
2024-01-01 13:22:00,74.8
2024-01-01 13:22:30,75.1
2024-01-01 13:23:00,75.9
2024-01-01 13:23:30,76.6
2024-01-01 13:24:00,76.3
2024-01-01 13:24:30,75.6
2024-01-01 13:25:00,75.2
2024-01-01 13:25:30,74.9
2024-01-01 13:26:00,75.7
2024-01-01 13:26:30,76.2
2024-01-01 13:27:00,76.8
2024-01-01 13:27:30,77.6
2024-01-01 13:28:00,76.6
2024-01-01 13:28:30,76.0
2024-01-01 13:29:00,75.8
2024-01-01 13:29:30,76.1
2024-01-01 13:30:00,75.9
2024-01-01 13:30:30,75.4
2024-01-01 13:31:00,76.1
2024-01-01 13:31:30,76.3
2024-01-01 13:32:00,77.2
2024-01-01 13:32:30,77.1
2024-01-01 13:33:00,76.7
2024-01-01 13:33:30,76.9
2024-01-01 13:34:00,76.6
2024-01-01 13:34:30,76.7
2024-01-01 13:35:00,76.2
2024-01-01 13:35:30,75.7
2024-01-01 13:36:00,75.7
2024-01-01 13:36:30,76.2
2024-01-01 13:37:00,75.8
2024-01-01 13:37:30,75.6
2024-01-01 13:38:00,75.7
2024-01-01 13:38:30,76.4
2024-01-01 13:39:00,77.0
2024-01-01 13:39:30,76.3
2024-01-01 13:40:00,76.5
2024-01-01 13:40:30,76.8
2024-01-01 13:41:00,76.5
2024-01-01 13:41:30,76.3
2024-01-01 13:42:00,75.7
2024-01-01 13:42:30,76.2
2024-01-01 13:43:00,76.5
2024-01-01 13:43:30,77.5
2024-01-01 13:44:00,78.0
2024-01-01 13:44:30,78.5
2024-01-01 13:45:00,77.6
2024-01-01 13:45:30,77.0
2024-01-01 13:46:00,76.5
2024-01-01 13:46:30,76.2
2024-01-01 13:47:00,76.3
2024-01-01 13:47:30,76.4
2024-01-01 13:48:00,76.6
2024-01-01 13:48:30,76.9
2024-01-01 13:49:00,76.6
2024-01-01 13:49:30,77.3
2024-01-01 13:50:00,76.9
2024-01-01 13:50:30,76.1
2024-01-01 13:51:00,75.2
2024-01-01 13:51:30,75.7
2024-01-01 13:52:00,76.5
2024-01-01 13:52:30,76.3
2024-01-01 13:53:00,75.9
2024-01-01 13:53:30,76.1
2024-01-01 13:54:00,76.7
2024-01-01 13:54:30,76.8
2024-01-01 13:55:00,76.4
2024-01-01 13:55:30,75.9
2024-01-01 13:56:00,76.0
2024-01-01 13:56:30,76.1
2024-01-01 13:57:00,77.2
2024-01-01 13:57:30,77.2
2024-01-01 13:58:00,77.9
2024-01-01 13:58:30,77.9
2024-01-01 13:59:00,77.6
2024-01-01 13:59:30,76.9
2024-01-01 14:00:00,76.6
2024-01-01 14:00:30,76.3
2024-01-01 14:01:00,75.9
2024-01-01 14:01:30,76.3
2024-01-01 14:02:00,76.1
2024-01-01 14:02:30,76.8
2024-01-01 14:03:00,76.5
2024-01-01 14:03:30,76.8
2024-01-01 14:04:00,76.7
2024-01-01 14:04:30,76.6
2024-01-01 14:05:00,76.9
2024-01-01 14:05:30,76.5
2024-01-01 14:06:00,76.7
2024-01-01 14:06:30,76.3
2024-01-01 14:07:00,76.8
2024-01-01 14:07:30,77.2
2024-01-01 14:08:00,76.5
2024-01-01 14:08:30,76.4
2024-01-01 14:09:00,76.7
2024-01-01 14:09:30,77.0
2024-01-01 14:10:00,77.2
2024-01-01 14:10:30,77.4
2024-01-01 14:11:00,77.6
2024-01-01 14:11:30,77.7
2024-01-01 14:12:00,77.4
2024-01-01 14:12:30,77.3
2024-01-01 14:13:00,77.6
2024-01-01 14:13:30,77.8
2024-01-01 14:14:00,77.2
2024-01-01 14:14:30,76.7
2024-01-01 14:15:00,76.7
2024-01-01 14:15:30,76.3
2024-01-01 14:16:00,75.7
2024-01-01 14:16:30,76.4
2024-01-01 14:17:00,76.4
2024-01-01 14:17:30,76.8
2024-01-01 14:18:00,77.0
2024-01-01 14:18:30,77.1
2024-01-01 14:19:00,77.2
2024-01-01 14:19:30,76.9
2024-01-01 14:20:00,77.1
2024-01-01 14:20:30,77.0
2024-01-01 14:21:00,77.3
2024-01-01 14:21:30,77.2
2024-01-01 14:22:00,76.8
2024-01-01 14:22:30,77.2
2024-01-01 14:23:00,77.0
2024-01-01 14:23:30,77.7
2024-01-01 14:24:00,77.7
2024-01-01 14:24:30,78.0
2024-01-01 14:25:00,77.2
2024-01-01 14:25:30,76.8
2024-01-01 14:26:00,76.7
2024-01-01 14:26:30,76.6
2024-01-01 14:27:00,76.6
2024-01-01 14:27:30,75.6
2024-01-01 14:28:00,75.7
2024-01-01 14:28:30,76.2
2024-01-01 14:29:00,77.5
2024-01-01 14:29:30,78.0
2024-01-01 14:30:00,77.4
2024-01-01 14:30:30,77.2
2024-01-01 14:31:00,77.1
2024-01-01 14:31:30,77.3
2024-01-01 14:32:00,76.9
2024-01-01 14:32:30,77.3
2024-01-01 14:33:00,77.6
2024-01-01 14:33:30,77.7
2024-01-01 14:34:00,77.2
2024-01-01 14:34:30,76.9
2024-01-01 14:35:00,75.7
2024-01-01 14:35:30,76.2
2024-01-01 14:36:00,75.9
2024-01-01 14:36:30,76.1
2024-01-01 14:37:00,77.0
2024-01-01 14:37:30,77.7
2024-01-01 14:38:00,77.9
2024-01-01 14:38:30,78.4
2024-01-01 14:39:00,78.8
2024-01-01 14:39:30,79.0
2024-01-01 14:40:00,78.8
2024-01-01 14:40:30,77.9
2024-01-01 14:41:00,76.9
2024-01-01 14:41:30,75.9
2024-01-01 14:42:00,76.4
2024-01-01 14:42:30,76.8
2024-01-01 14:43:00,77.9
2024-01-01 14:43:30,77.5
2024-01-01 14:44:00,77.5
2024-01-01 14:44:30,77.6
2024-01-01 14:45:00,77.6
2024-01-01 14:45:30,77.9
2024-01-01 14:46:00,77.1
2024-01-01 14:46:30,76.7
2024-01-01 14:47:00,76.0
2024-01-01 14:47:30,75.8
2024-01-01 14:48:00,76.0
2024-01-01 14:48:30,76.3
2024-01-01 14:49:00,76.2
2024-01-01 14:49:30,76.0
2024-01-01 14:50:00,75.6
2024-01-01 14:50:30,76.1
2024-01-01 14:51:00,76.1
2024-01-01 14:51:30,76.8
2024-01-01 14:52:00,76.6
2024-01-01 14:52:30,76.1
2024-01-01 14:53:00,76.2
2024-01-01 14:53:30,76.5
2024-01-01 14:54:00,77.0
2024-01-01 14:54:30,77.2
2024-01-01 14:55:00,76.3
2024-01-01 14:55:30,76.8
2024-01-01 14:56:00,76.9
2024-01-01 14:56:30,77.3
2024-01-01 14:57:00,77.0
2024-01-01 14:57:30,76.5
2024-01-01 14:58:00,76.5
2024-01-01 14:58:30,76.6
2024-01-01 14:59:00,77.7
2024-01-01 14:59:30,77.8
2024-01-01 15:00:00,78.2
2024-01-01 15:00:30,77.1
2024-01-01 15:01:00,76.1
2024-01-01 15:01:30,75.1
2024-01-01 15:02:00,74.9
2024-01-01 15:02:30,75.4
2024-01-01 15:03:00,76.3
2024-01-01 15:03:30,76.8
2024-01-01 15:04:00,76.4
2024-01-01 15:04:30,77.0
2024-01-01 15:05:00,77.0
2024-01-01 15:05:30,77.7
2024-01-01 15:06:00,78.2
2024-01-01 15:06:30,77.8
2024-01-01 15:07:00,76.8
2024-01-01 15:07:30,75.8
2024-01-01 15:08:00,75.1
2024-01-01 15:08:30,75.6
2024-01-01 15:09:00,76.0
2024-01-01 15:09:30,76.2
2024-01-01 15:10:00,76.6
2024-01-01 15:10:30,76.7
2024-01-01 15:11:00,76.7
2024-01-01 15:11:30,76.7
2024-01-01 15:12:00,76.8
2024-01-01 15:12:30,77.1
2024-01-01 15:13:00,76.9
2024-01-01 15:13:30,77.5
2024-01-01 15:14:00,77.3
2024-01-01 15:14:30,77.4
2024-01-01 15:15:00,77.6
2024-01-01 15:15:30,77.6
2024-01-01 15:16:00,77.7
2024-01-01 15:16:30,77.3
2024-01-01 15:17:00,76.8
2024-01-01 15:17:30,76.7
2024-01-01 15:18:00,76.3
2024-01-01 15:18:30,76.7
2024-01-01 15:19:00,76.7
2024-01-01 15:19:30,76.5
2024-01-01 15:20:00,76.2
2024-01-01 15:20:30,75.6
2024-01-01 15:21:00,76.1
2024-01-01 15:21:30,76.4
2024-01-01 15:22:00,76.9
2024-01-01 15:22:30,76.6
2024-01-01 15:23:00,77.3
2024-01-01 15:23:30,77.0
2024-01-01 15:24:00,77.5
2024-01-01 15:24:30,77.4
2024-01-01 15:25:00,77.2
2024-01-01 15:25:30,77.6
2024-01-01 15:26:00,77.0
2024-01-01 15:26:30,77.6
2024-01-01 15:27:00,77.6
2024-01-01 15:27:30,77.3
2024-01-01 15:28:00,77.6
2024-01-01 15:28:30,77.2
2024-01-01 15:29:00,77.2
2024-01-01 15:29:30,77.2
2024-01-01 15:30:00,77.3
2024-01-01 15:30:30,77.3
2024-01-01 15:31:00,77.2
2024-01-01 15:31:30,76.3
2024-01-01 15:32:00,76.9
2024-01-01 15:32:30,76.5
2024-01-01 15:33:00,77.3
2024-01-01 15:33:30,77.2
2024-01-01 15:34:00,76.4
2024-01-01 15:34:30,76.1
2024-01-01 15:35:00,75.8
2024-01-01 15:35:30,76.3
2024-01-01 15:36:00,76.8
2024-01-01 15:36:30,77.8
2024-01-01 15:37:00,78.1
2024-01-01 15:37:30,77.9
2024-01-01 15:38:00,76.8
2024-01-01 15:38:30,76.1
2024-01-01 15:39:00,75.5
2024-01-01 15:39:30,76.3
2024-01-01 15:40:00,77.2
2024-01-01 15:40:30,77.4
2024-01-01 15:41:00,76.5
2024-01-01 15:41:30,76.3
2024-01-01 15:42:00,76.3
2024-01-01 15:42:30,76.6
2024-01-01 15:43:00,76.4
2024-01-01 15:43:30,76.6
2024-01-01 15:44:00,76.5
2024-01-01 15:44:30,76.8
2024-01-01 15:45:00,76.9
2024-01-01 15:45:30,76.7
2024-01-01 15:46:00,76.5
2024-01-01 15:46:30,76.4
2024-01-01 15:47:00,76.4
2024-01-01 15:47:30,76.6
2024-01-01 15:48:00,77.0
2024-01-01 15:48:30,77.6
2024-01-01 15:49:00,77.5
2024-01-01 15:49:30,77.0
2024-01-01 15:50:00,77.1
2024-01-01 15:50:30,77.0
2024-01-01 15:51:00,77.4
2024-01-01 15:51:30,77.2
2024-01-01 15:52:00,76.7
2024-01-01 15:52:30,76.3
2024-01-01 15:53:00,75.3
2024-01-01 15:53:30,75.2
2024-01-01 15:54:00,75.6
2024-01-01 15:54:30,77.0
2024-01-01 15:55:00,78.2
2024-01-01 15:55:30,78.7
2024-01-01 15:56:00,77.7
2024-01-01 15:56:30,76.8
2024-01-01 15:57:00,75.4
2024-01-01 15:57:30,75.4
2024-01-01 15:58:00,75.4
2024-01-01 15:58:30,75.7
2024-01-01 15:59:00,75.7
2024-01-01 15:59:30,75.6
2024-01-01 16:00:00,75.2
2024-01-01 16:00:30,76.0
2024-01-01 16:01:00,76.1
2024-01-01 16:01:30,76.9
2024-01-01 16:02:00,77.0
2024-01-01 16:02:30,75.8
2024-01-01 16:03:00,75.0
2024-01-01 16:03:30,76.0
2024-01-01 16:04:00,77.0
2024-01-01 16:04:30,77.6
2024-01-01 16:05:00,76.5
2024-01-01 16:05:30,76.5
2024-01-01 16:06:00,76.4
2024-01-01 16:06:30,76.8
2024-01-01 16:07:00,77.4
2024-01-01 16:07:30,76.4
2024-01-01 16:08:00,76.7
2024-01-01 16:08:30,76.8
2024-01-01 16:09:00,77.2
2024-01-01 16:09:30,76.8
2024-01-01 16:10:00,76.6
2024-01-01 16:10:30,76.2
2024-01-01 16:11:00,76.4
2024-01-01 16:11:30,76.2
2024-01-01 16:12:00,76.5
2024-01-01 16:12:30,76.3
2024-01-01 16:13:00,76.6
2024-01-01 16:13:30,76.6
2024-01-01 16:14:00,76.7
2024-01-01 16:14:30,76.2
2024-01-01 16:15:00,75.5
2024-01-01 16:15:30,76.0
2024-01-01 16:16:00,75.5
2024-01-01 16:16:30,75.7
2024-01-01 16:17:00,75.6
2024-01-01 16:17:30,76.5
2024-01-01 16:18:00,76.3
2024-01-01 16:18:30,77.9
2024-01-01 16:19:00,77.4
2024-01-01 16:19:30,77.1
2024-01-01 16:20:00,76.5
2024-01-01 16:20:30,76.5
2024-01-01 16:21:00,76.7
2024-01-01 16:21:30,76.8
2024-01-01 16:22:00,76.7
2024-01-01 16:22:30,76.3
2024-01-01 16:23:00,75.9
2024-01-01 16:23:30,76.0
2024-01-01 16:24:00,76.2
2024-01-01 16:24:30,76.3
2024-01-01 16:25:00,75.9
2024-01-01 16:25:30,74.8
2024-01-01 16:26:00,75.6
2024-01-01 16:26:30,75.8
2024-01-01 16:27:00,76.1
2024-01-01 16:27:30,76.2
2024-01-01 16:28:00,76.6
2024-01-01 16:28:30,76.6
2024-01-01 16:29:00,75.8
2024-01-01 16:29:30,75.5
2024-01-01 16:30:00,74.8
2024-01-01 16:30:30,74.7
2024-01-01 16:31:00,75.3
2024-01-01 16:31:30,76.3
2024-01-01 16:32:00,76.8
2024-01-01 16:32:30,76.8
2024-01-01 16:33:00,76.6
2024-01-01 16:33:30,76.2
2024-01-01 16:34:00,75.9
2024-01-01 16:34:30,76.2
2024-01-01 16:35:00,76.6
2024-01-01 16:35:30,76.9
2024-01-01 16:36:00,77.0
2024-01-01 16:36:30,76.9
2024-01-01 16:37:00,76.6
2024-01-01 16:37:30,76.4
2024-01-01 16:38:00,75.7
2024-01-01 16:38:30,75.1
2024-01-01 16:39:00,74.9
2024-01-01 16:39:30,74.8
2024-01-01 16:40:00,74.8
2024-01-01 16:40:30,74.9
2024-01-01 16:41:00,74.6
2024-01-01 16:41:30,74.6
2024-01-01 16:42:00,74.3
2024-01-01 16:42:30,74.9
2024-01-01 16:43:00,75.1
2024-01-01 16:43:30,75.4
2024-01-01 16:44:00,75.7
2024-01-01 16:44:30,75.5
2024-01-01 16:45:00,74.5
2024-01-01 16:45:30,74.3
2024-01-01 16:46:00,74.3
2024-01-01 16:46:30,74.7
2024-01-01 16:47:00,75.4
2024-01-01 16:47:30,75.0
2024-01-01 16:48:00,74.8
2024-01-01 16:48:30,74.0
2024-01-01 16:49:00,74.7
2024-01-01 16:49:30,74.5
2024-01-01 16:50:00,75.4
2024-01-01 16:50:30,75.5
2024-01-01 16:51:00,75.3
2024-01-01 16:51:30,74.0
2024-01-01 16:52:00,73.6
2024-01-01 16:52:30,75.0
2024-01-01 16:53:00,76.3
2024-01-01 16:53:30,76.5
2024-01-01 16:54:00,75.9
2024-01-01 16:54:30,75.2
2024-01-01 16:55:00,75.3
2024-01-01 16:55:30,74.9
2024-01-01 16:56:00,75.5
2024-01-01 16:56:30,76.1
2024-01-01 16:57:00,76.8
2024-01-01 16:57:30,77.2
2024-01-01 16:58:00,76.1
2024-01-01 16:58:30,75.0
2024-01-01 16:59:00,74.3
2024-01-01 16:59:30,73.6
2024-01-01 17:00:00,73.8
2024-01-01 17:00:30,74.1
2024-01-01 17:01:00,74.3
2024-01-01 17:01:30,74.7
2024-01-01 17:02:00,74.7
2024-01-01 17:02:30,75.4
2024-01-01 17:03:00,75.1
2024-01-01 17:03:30,75.0
2024-01-01 17:04:00,74.8
2024-01-01 17:04:30,75.0
2024-01-01 17:05:00,75.0
2024-01-01 17:05:30,74.3
2024-01-01 17:06:00,74.0
2024-01-01 17:06:30,73.7
2024-01-01 17:07:00,73.4
2024-01-01 17:07:30,73.8
2024-01-01 17:08:00,74.3
2024-01-01 17:08:30,75.1
2024-01-01 17:09:00,75.2
2024-01-01 17:09:30,75.2
2024-01-01 17:10:00,75.3
2024-01-01 17:10:30,74.9
2024-01-01 17:11:00,74.9
2024-01-01 17:11:30,74.6
2024-01-01 17:12:00,74.2
2024-01-01 17:12:30,73.5
2024-01-01 17:13:00,73.1
2024-01-01 17:13:30,74.2
2024-01-01 17:14:00,75.4
2024-01-01 17:14:30,75.9
2024-01-01 17:15:00,75.9
2024-01-01 17:15:30,75.7
2024-01-01 17:16:00,75.0
2024-01-01 17:16:30,74.5
2024-01-01 17:17:00,74.1
2024-01-01 17:17:30,74.4
2024-01-01 17:18:00,74.9
2024-01-01 17:18:30,75.1
2024-01-01 17:19:00,74.6
2024-01-01 17:19:30,74.3
2024-01-01 17:20:00,74.1
2024-01-01 17:20:30,73.8
2024-01-01 17:21:00,72.8
2024-01-01 17:21:30,72.2
2024-01-01 17:22:00,72.5
2024-01-01 17:22:30,72.8
2024-01-01 17:23:00,73.3
2024-01-01 17:23:30,73.8
2024-01-01 17:24:00,74.2
2024-01-01 17:24:30,75.0
2024-01-01 17:25:00,74.8
2024-01-01 17:25:30,74.6
2024-01-01 17:26:00,74.4
2024-01-01 17:26:30,73.9
2024-01-01 17:27:00,74.5
2024-01-01 17:27:30,74.1
2024-01-01 17:28:00,74.0
2024-01-01 17:28:30,73.2
2024-01-01 17:29:00,73.1
2024-01-01 17:29:30,73.8
2024-01-01 17:30:00,73.7
2024-01-01 17:30:30,73.5
2024-01-01 17:31:00,73.3
2024-01-01 17:31:30,74.0
2024-01-01 17:32:00,73.7
2024-01-01 17:32:30,74.4
2024-01-01 17:33:00,73.7
2024-01-01 17:33:30,74.1
2024-01-01 17:34:00,73.7
2024-01-01 17:34:30,73.9
2024-01-01 17:35:00,73.5
2024-01-01 17:35:30,73.4
2024-01-01 17:36:00,73.4
2024-01-01 17:36:30,73.2
2024-01-01 17:37:00,73.6
2024-01-01 17:37:30,73.1
2024-01-01 17:38:00,72.7
2024-01-01 17:38:30,72.0
2024-01-01 17:39:00,72.0
2024-01-01 17:39:30,73.3
2024-01-01 17:40:00,74.7
2024-01-01 17:40:30,74.6
2024-01-01 17:41:00,74.0
2024-01-01 17:41:30,73.5
2024-01-01 17:42:00,73.3
2024-01-01 17:42:30,73.5
2024-01-01 17:43:00,73.3
2024-01-01 17:43:30,74.1
2024-01-01 17:44:00,74.2
2024-01-01 17:44:30,74.2
2024-01-01 17:45:00,74.0
2024-01-01 17:45:30,73.8
2024-01-01 17:46:00,73.8
2024-01-01 17:46:30,73.6
2024-01-01 17:47:00,73.1
2024-01-01 17:47:30,73.1
2024-01-01 17:48:00,73.3
2024-01-01 17:48:30,73.4
2024-01-01 17:49:00,72.4
2024-01-01 17:49:30,72.1
2024-01-01 17:50:00,72.6
2024-01-01 17:50:30,73.0
2024-01-01 17:51:00,73.2
2024-01-01 17:51:30,73.4
2024-01-01 17:52:00,73.1
2024-01-01 17:52:30,73.2
2024-01-01 17:53:00,72.1
2024-01-01 17:53:30,71.9
2024-01-01 17:54:00,71.8
2024-01-01 17:54:30,71.9
2024-01-01 17:55:00,72.7
2024-01-01 17:55:30,73.6
2024-01-01 17:56:00,73.2
2024-01-01 17:56:30,72.7
2024-01-01 17:57:00,71.8
2024-01-01 17:57:30,71.8
2024-01-01 17:58:00,72.2
2024-01-01 17:58:30,72.7
2024-01-01 17:59:00,73.3
2024-01-01 17:59:30,73.0
2024-01-01 18:00:00,72.4
2024-01-01 18:00:30,72.8
2024-01-01 18:01:00,73.3
2024-01-01 18:01:30,73.7
2024-01-01 18:02:00,73.5
2024-01-01 18:02:30,72.1
2024-01-01 18:03:00,71.5
2024-01-01 18:03:30,71.3
2024-01-01 18:04:00,72.1
2024-01-01 18:04:30,72.7
2024-01-01 18:05:00,73.0
2024-01-01 18:05:30,72.6
2024-01-01 18:06:00,72.2
2024-01-01 18:06:30,72.3
2024-01-01 18:07:00,72.2
2024-01-01 18:07:30,72.8
2024-01-01 18:08:00,72.1
2024-01-01 18:08:30,72.8
2024-01-01 18:09:00,73.2
2024-01-01 18:09:30,72.7
2024-01-01 18:10:00,72.2
2024-01-01 18:10:30,72.0
2024-01-01 18:11:00,71.9
2024-01-01 18:11:30,72.3
2024-01-01 18:12:00,71.3
2024-01-01 18:12:30,72.0
2024-01-01 18:13:00,71.1
2024-01-01 18:13:30,71.6
2024-01-01 18:14:00,71.3
2024-01-01 18:14:30,71.7
2024-01-01 18:15:00,71.5
2024-01-01 18:15:30,72.2
2024-01-01 18:16:00,72.6
2024-01-01 18:16:30,71.6
2024-01-01 18:17:00,71.7
2024-01-01 18:17:30,71.4
2024-01-01 18:18:00,71.7
2024-01-01 18:18:30,71.6
2024-01-01 18:19:00,71.8
2024-01-01 18:19:30,72.3
2024-01-01 18:20:00,72.8
2024-01-01 18:20:30,72.1
2024-01-01 18:21:00,71.7
2024-01-01 18:21:30,70.8
2024-01-01 18:22:00,71.1
2024-01-01 18:22:30,71.8
2024-01-01 18:23:00,72.4
2024-01-01 18:23:30,72.1
2024-01-01 18:24:00,71.4
2024-01-01 18:24:30,71.1
2024-01-01 18:25:00,70.9
2024-01-01 18:25:30,71.5
2024-01-01 18:26:00,71.7
2024-01-01 18:26:30,71.3
2024-01-01 18:27:00,71.0
2024-01-01 18:27:30,71.1
2024-01-01 18:28:00,71.3
2024-01-01 18:28:30,71.7
2024-01-01 18:29:00,72.2
2024-01-01 18:29:30,71.4
2024-01-01 18:30:00,71.1
2024-01-01 18:30:30,70.8
2024-01-01 18:31:00,71.1
2024-01-01 18:31:30,71.1
2024-01-01 18:32:00,71.3
2024-01-01 18:32:30,71.9
2024-01-01 18:33:00,71.7
2024-01-01 18:33:30,70.8
2024-01-01 18:34:00,70.0
2024-01-01 18:34:30,70.8
2024-01-01 18:35:00,70.4
2024-01-01 18:35:30,70.8
2024-01-01 18:36:00,69.9
2024-01-01 18:36:30,70.6
2024-01-01 18:37:00,70.2
2024-01-01 18:37:30,70.8
2024-01-01 18:38:00,70.4
2024-01-01 18:38:30,70.2
2024-01-01 18:39:00,70.4
2024-01-01 18:39:30,70.9
2024-01-01 18:40:00,71.3
2024-01-01 18:40:30,71.4
2024-01-01 18:41:00,71.7
2024-01-01 18:41:30,70.8
2024-01-01 18:42:00,71.2
2024-01-01 18:42:30,70.3
2024-01-01 18:43:00,69.7
2024-01-01 18:43:30,69.4
2024-01-01 18:44:00,70.0
2024-01-01 18:44:30,70.8
2024-01-01 18:45:00,70.7
2024-01-01 18:45:30,70.9
2024-01-01 18:46:00,69.7
2024-01-01 18:46:30,69.7
2024-01-01 18:47:00,69.5
2024-01-01 18:47:30,70.2
2024-01-01 18:48:00,70.1
2024-01-01 18:48:30,69.5
2024-01-01 18:49:00,68.7
2024-01-01 18:49:30,69.6
2024-01-01 18:50:00,70.3
2024-01-01 18:50:30,70.6
2024-01-01 18:51:00,70.7
2024-01-01 18:51:30,70.1
2024-01-01 18:52:00,70.3
2024-01-01 18:52:30,70.2
2024-01-01 18:53:00,69.3
2024-01-01 18:53:30,69.5
2024-01-01 18:54:00,69.4
2024-01-01 18:54:30,69.7
2024-01-01 18:55:00,69.6
2024-01-01 18:55:30,69.4
2024-01-01 18:56:00,69.1
2024-01-01 18:56:30,69.0
2024-01-01 18:57:00,68.7
2024-01-01 18:57:30,68.7
2024-01-01 18:58:00,69.3
2024-01-01 18:58:30,69.2
2024-01-01 18:59:00,69.6
2024-01-01 18:59:30,69.2
2024-01-01 19:00:00,68.7
2024-01-01 19:00:30,68.8
2024-01-01 19:01:00,69.3
2024-01-01 19:01:30,69.0
2024-01-01 19:02:00,69.2
2024-01-01 19:02:30,69.5
2024-01-01 19:03:00,69.7
2024-01-01 19:03:30,69.5
2024-01-01 19:04:00,69.6
2024-01-01 19:04:30,70.5
2024-01-01 19:05:00,70.9
2024-01-01 19:05:30,70.4
2024-01-01 19:06:00,69.4
2024-01-01 19:06:30,68.6
2024-01-01 19:07:00,68.6
2024-01-01 19:07:30,69.3
2024-01-01 19:08:00,69.8
2024-01-01 19:08:30,70.0
2024-01-01 19:09:00,69.6
2024-01-01 19:09:30,68.6
2024-01-01 19:10:00,68.8
2024-01-01 19:10:30,68.3
2024-01-01 19:11:00,68.9
2024-01-01 19:11:30,69.8
2024-01-01 19:12:00,71.0
2024-01-01 19:12:30,71.4
2024-01-01 19:13:00,70.4
2024-01-01 19:13:30,69.6
2024-01-01 19:14:00,69.3
2024-01-01 19:14:30,69.5
2024-01-01 19:15:00,69.4
2024-01-01 19:15:30,69.9
2024-01-01 19:16:00,69.5
2024-01-01 19:16:30,69.4
2024-01-01 19:17:00,69.4
2024-01-01 19:17:30,69.2
2024-01-01 19:18:00,68.9
2024-01-01 19:18:30,68.0
2024-01-01 19:19:00,67.7
2024-01-01 19:19:30,67.7
2024-01-01 19:20:00,68.5
2024-01-01 19:20:30,69.1
2024-01-01 19:21:00,69.4
2024-01-01 19:21:30,69.6
2024-01-01 19:22:00,68.8
2024-01-01 19:22:30,68.5
2024-01-01 19:23:00,67.7
2024-01-01 19:23:30,68.0
2024-01-01 19:24:00,68.4
2024-01-01 19:24:30,68.6
2024-01-01 19:25:00,68.0
2024-01-01 19:25:30,67.5
2024-01-01 19:26:00,67.0
2024-01-01 19:26:30,67.6
2024-01-01 19:27:00,68.4
2024-01-01 19:27:30,68.6
2024-01-01 19:28:00,68.5
2024-01-01 19:28:30,68.0
2024-01-01 19:29:00,67.8
2024-01-01 19:29:30,67.7
2024-01-01 19:30:00,68.2
2024-01-01 19:30:30,68.1
2024-01-01 19:31:00,67.7
2024-01-01 19:31:30,67.1
2024-01-01 19:32:00,66.5
2024-01-01 19:32:30,67.2
2024-01-01 19:33:00,67.1
2024-01-01 19:33:30,67.2
2024-01-01 19:34:00,67.6
2024-01-01 19:34:30,67.7
2024-01-01 19:35:00,68.3
2024-01-01 19:35:30,68.0
2024-01-01 19:36:00,67.9
2024-01-01 19:36:30,67.2
2024-01-01 19:37:00,67.8
2024-01-01 19:37:30,67.5
2024-01-01 19:38:00,67.1
2024-01-01 19:38:30,66.8
2024-01-01 19:39:00,66.1
2024-01-01 19:39:30,66.4
2024-01-01 19:40:00,65.7
2024-01-01 19:40:30,65.8
2024-01-01 19:41:00,65.8
2024-01-01 19:41:30,67.1
2024-01-01 19:42:00,67.1
2024-01-01 19:42:30,67.5
2024-01-01 19:43:00,66.3
2024-01-01 19:43:30,65.8
2024-01-01 19:44:00,66.0
2024-01-01 19:44:30,66.9
2024-01-01 19:45:00,66.8
2024-01-01 19:45:30,66.7
2024-01-01 19:46:00,67.0
2024-01-01 19:46:30,67.5
2024-01-01 19:47:00,67.9
2024-01-01 19:47:30,67.6
2024-01-01 19:48:00,66.6
2024-01-01 19:48:30,65.8
2024-01-01 19:49:00,65.8
2024-01-01 19:49:30,65.9
2024-01-01 19:50:00,65.7
2024-01-01 19:50:30,65.8
2024-01-01 19:51:00,66.2
2024-01-01 19:51:30,66.2
2024-01-01 19:52:00,66.2
2024-01-01 19:52:30,65.7
2024-01-01 19:53:00,65.8
2024-01-01 19:53:30,66.0
2024-01-01 19:54:00,66.5
2024-01-01 19:54:30,66.3
2024-01-01 19:55:00,65.0
2024-01-01 19:55:30,64.7
2024-01-01 19:56:00,64.5
2024-01-01 19:56:30,64.9
2024-01-01 19:57:00,65.0
2024-01-01 19:57:30,64.6
2024-01-01 19:58:00,64.7
2024-01-01 19:58:30,65.0
2024-01-01 19:59:00,65.5
2024-01-01 19:59:30,65.7
2024-01-01 20:00:00,65.5
2024-01-01 20:00:30,65.5
2024-01-01 20:01:00,65.6
2024-01-01 20:01:30,66.2
2024-01-01 20:02:00,66.8
2024-01-01 20:02:30,66.7
2024-01-01 20:03:00,65.9
2024-01-01 20:03:30,66.0
2024-01-01 20:04:00,65.9
2024-01-01 20:04:30,65.8
2024-01-01 20:05:00,66.1
2024-01-01 20:05:30,66.1
2024-01-01 20:06:00,65.3
2024-01-01 20:06:30,65.2
2024-01-01 20:07:00,65.8
2024-01-01 20:07:30,66.0
2024-01-01 20:08:00,66.1
2024-01-01 20:08:30,65.7
2024-01-01 20:09:00,65.5
2024-01-01 20:09:30,65.1
2024-01-01 20:10:00,65.9
2024-01-01 20:10:30,66.0
2024-01-01 20:11:00,65.3
2024-01-01 20:11:30,64.8
2024-01-01 20:12:00,64.4
2024-01-01 20:12:30,65.1
2024-01-01 20:13:00,65.5
2024-01-01 20:13:30,65.5
2024-01-01 20:14:00,65.7
2024-01-01 20:14:30,65.1
2024-01-01 20:15:00,65.0
2024-01-01 20:15:30,64.4
2024-01-01 20:16:00,64.6
2024-01-01 20:16:30,64.6
2024-01-01 20:17:00,64.7
2024-01-01 20:17:30,64.7
2024-01-01 20:18:00,64.8
2024-01-01 20:18:30,64.7
2024-01-01 20:19:00,64.4
2024-01-01 20:19:30,64.4
2024-01-01 20:20:00,65.3
2024-01-01 20:20:30,65.4
2024-01-01 20:21:00,64.6
2024-01-01 20:21:30,64.6
2024-01-01 20:22:00,64.3
2024-01-01 20:22:30,64.6
2024-01-01 20:23:00,64.4
2024-01-01 20:23:30,64.0
2024-01-01 20:24:00,63.5
2024-01-01 20:24:30,63.2
2024-01-01 20:25:00,63.1
2024-01-01 20:25:30,63.2
2024-01-01 20:26:00,63.7
2024-01-01 20:26:30,64.0
2024-01-01 20:27:00,64.7
2024-01-01 20:27:30,65.0
2024-01-01 20:28:00,64.4
2024-01-01 20:28:30,64.5
2024-01-01 20:29:00,64.5
2024-01-01 20:29:30,64.6
2024-01-01 20:30:00,64.5
2024-01-01 20:30:30,64.4
2024-01-01 20:31:00,64.2
2024-01-01 20:31:30,63.8
2024-01-01 20:32:00,64.2
2024-01-01 20:32:30,64.2
2024-01-01 20:33:00,63.8
2024-01-01 20:33:30,63.8
2024-01-01 20:34:00,64.1
2024-01-01 20:34:30,64.4
2024-01-01 20:35:00,64.9
2024-01-01 20:35:30,64.9
2024-01-01 20:36:00,63.6
2024-01-01 20:36:30,63.0
2024-01-01 20:37:00,63.3
2024-01-01 20:37:30,63.9
2024-01-01 20:38:00,63.8
2024-01-01 20:38:30,64.0
2024-01-01 20:39:00,63.1
2024-01-01 20:39:30,63.6
2024-01-01 20:40:00,63.8
2024-01-01 20:40:30,64.7
2024-01-01 20:41:00,64.6
2024-01-01 20:41:30,63.6
2024-01-01 20:42:00,63.1
2024-01-01 20:42:30,63.3
2024-01-01 20:43:00,63.0
2024-01-01 20:43:30,62.8
2024-01-01 20:44:00,62.4
2024-01-01 20:44:30,61.8
2024-01-01 20:45:00,62.1
2024-01-01 20:45:30,62.3
2024-01-01 20:46:00,62.7
2024-01-01 20:46:30,63.2
2024-01-01 20:47:00,62.7
2024-01-01 20:47:30,63.0
2024-01-01 20:48:00,62.7
2024-01-01 20:48:30,62.9
2024-01-01 20:49:00,63.3
2024-01-01 20:49:30,63.4
2024-01-01 20:50:00,63.5
2024-01-01 20:50:30,63.2
2024-01-01 20:51:00,62.4
2024-01-01 20:51:30,61.8
2024-01-01 20:52:00,61.8
2024-01-01 20:52:30,62.6
2024-01-01 20:53:00,64.0
2024-01-01 20:53:30,63.3
2024-01-01 20:54:00,62.1
2024-01-01 20:54:30,61.6
2024-01-01 20:55:00,62.3
2024-01-01 20:55:30,62.7
2024-01-01 20:56:00,62.7
2024-01-01 20:56:30,62.3
2024-01-01 20:57:00,62.2
2024-01-01 20:57:30,62.0
2024-01-01 20:58:00,61.6
2024-01-01 20:58:30,60.6
2024-01-01 20:59:00,61.0
2024-01-01 20:59:30,61.6
2024-01-01 21:00:00,62.8
2024-01-01 21:00:30,63.7
2024-01-01 21:01:00,63.1
2024-01-01 21:01:30,62.6
2024-01-01 21:02:00,62.6
2024-01-01 21:02:30,62.6
2024-01-01 21:03:00,62.8
2024-01-01 21:03:30,62.8
2024-01-01 21:04:00,62.9
2024-01-01 21:04:30,61.7
2024-01-01 21:05:00,61.7
2024-01-01 21:05:30,61.1
2024-01-01 21:06:00,61.4
2024-01-01 21:06:30,60.9
2024-01-01 21:07:00,61.2
2024-01-01 21:07:30,61.5
2024-01-01 21:08:00,62.0
2024-01-01 21:08:30,61.9
2024-01-01 21:09:00,61.0
2024-01-01 21:09:30,60.8
2024-01-01 21:10:00,60.3
2024-01-01 21:10:30,60.2
2024-01-01 21:11:00,60.9
2024-01-01 21:11:30,61.6
2024-01-01 21:12:00,62.5
2024-01-01 21:12:30,61.6
2024-01-01 21:13:00,60.8
2024-01-01 21:13:30,61.0
2024-01-01 21:14:00,61.7
2024-01-01 21:14:30,61.8
2024-01-01 21:15:00,60.6
2024-01-01 21:15:30,60.3
2024-01-01 21:16:00,61.3
2024-01-01 21:16:30,61.3
2024-01-01 21:17:00,60.5
2024-01-01 21:17:30,60.2
2024-01-01 21:18:00,59.3
2024-01-01 21:18:30,60.3
2024-01-01 21:19:00,60.7
2024-01-01 21:19:30,61.1
2024-01-01 21:20:00,60.3
2024-01-01 21:20:30,60.3
2024-01-01 21:21:00,59.9
2024-01-01 21:21:30,60.2
2024-01-01 21:22:00,59.7
2024-01-01 21:22:30,59.9
2024-01-01 21:23:00,60.0
2024-01-01 21:23:30,60.7
2024-01-01 21:24:00,60.9
2024-01-01 21:24:30,60.4
2024-01-01 21:25:00,60.0
2024-01-01 21:25:30,59.3
2024-01-01 21:26:00,60.1
2024-01-01 21:26:30,60.6
2024-01-01 21:27:00,61.6
2024-01-01 21:27:30,60.9
2024-01-01 21:28:00,61.5
2024-01-01 21:28:30,61.4
2024-01-01 21:29:00,61.4
2024-01-01 21:29:30,61.5
2024-01-01 21:30:00,60.9
2024-01-01 21:30:30,60.8
2024-01-01 21:31:00,60.6
2024-01-01 21:31:30,61.0
2024-01-01 21:32:00,60.5
2024-01-01 21:32:30,59.6
2024-01-01 21:33:00,58.9
2024-01-01 21:33:30,59.0
2024-01-01 21:34:00,59.2
2024-01-01 21:34:30,59.7
2024-01-01 21:35:00,60.2
2024-01-01 21:35:30,59.8
2024-01-01 21:36:00,59.8
2024-01-01 21:36:30,59.5
2024-01-01 21:37:00,59.3
2024-01-01 21:37:30,58.3
2024-01-01 21:38:00,58.9
2024-01-01 21:38:30,59.4
2024-01-01 21:39:00,59.7
2024-01-01 21:39:30,59.1
2024-01-01 21:40:00,58.4
2024-01-01 21:40:30,58.7
2024-01-01 21:41:00,58.4
2024-01-01 21:41:30,58.3
2024-01-01 21:42:00,58.3
2024-01-01 21:42:30,58.2
2024-01-01 21:43:00,58.2
2024-01-01 21:43:30,58.1
2024-01-01 21:44:00,59.4
2024-01-01 21:44:30,59.8
2024-01-01 21:45:00,59.6
2024-01-01 21:45:30,58.7
2024-01-01 21:46:00,58.7
2024-01-01 21:46:30,59.0
2024-01-01 21:47:00,59.4
2024-01-01 21:47:30,59.3
2024-01-01 21:48:00,58.8
2024-01-01 21:48:30,59.1
2024-01-01 21:49:00,59.5
2024-01-01 21:49:30,60.1
2024-01-01 21:50:00,59.9
2024-01-01 21:50:30,59.9
2024-01-01 21:51:00,59.6
2024-01-01 21:51:30,59.6
2024-01-01 21:52:00,59.3
2024-01-01 21:52:30,58.9
2024-01-01 21:53:00,59.4
2024-01-01 21:53:30,59.0
2024-01-01 21:54:00,58.6
2024-01-01 21:54:30,58.3
2024-01-01 21:55:00,58.6
2024-01-01 21:55:30,58.8
2024-01-01 21:56:00,59.0
2024-01-01 21:56:30,59.3
2024-01-01 21:57:00,59.8
2024-01-01 21:57:30,59.7
2024-01-01 21:58:00,59.1
2024-01-01 21:58:30,58.7
2024-01-01 21:59:00,58.3
2024-01-01 21:59:30,58.7
2024-01-01 22:00:00,59.0
2024-01-01 22:00:30,58.2
2024-01-01 22:01:00,57.4
2024-01-01 22:01:30,56.9
2024-01-01 22:02:00,56.7
2024-01-01 22:02:30,56.7
2024-01-01 22:03:00,56.9
2024-01-01 22:03:30,57.0
2024-01-01 22:04:00,57.5
2024-01-01 22:04:30,58.1
2024-01-01 22:05:00,58.1
2024-01-01 22:05:30,58.9
2024-01-01 22:06:00,58.6
2024-01-01 22:06:30,58.6
2024-01-01 22:07:00,57.8
2024-01-01 22:07:30,57.9
2024-01-01 22:08:00,57.4
2024-01-01 22:08:30,58.1
2024-01-01 22:09:00,57.7
2024-01-01 22:09:30,57.6
2024-01-01 22:10:00,56.8
2024-01-01 22:10:30,56.7
2024-01-01 22:11:00,57.1
2024-01-01 22:11:30,56.8
2024-01-01 22:12:00,57.2
2024-01-01 22:12:30,56.6
2024-01-01 22:13:00,57.2
2024-01-01 22:13:30,56.8
2024-01-01 22:14:00,57.4
2024-01-01 22:14:30,57.4
2024-01-01 22:15:00,57.2
2024-01-01 22:15:30,57.4
2024-01-01 22:16:00,57.0
2024-01-01 22:16:30,56.3
2024-01-01 22:17:00,55.8
2024-01-01 22:17:30,55.3
2024-01-01 22:18:00,56.0
2024-01-01 22:18:30,55.8
2024-01-01 22:19:00,56.6
2024-01-01 22:19:30,56.7
2024-01-01 22:20:00,57.1
2024-01-01 22:20:30,56.8
2024-01-01 22:21:00,56.9
2024-01-01 22:21:30,57.2
2024-01-01 22:22:00,57.3
2024-01-01 22:22:30,57.0
2024-01-01 22:23:00,56.8
2024-01-01 22:23:30,56.2
2024-01-01 22:24:00,56.7
2024-01-01 22:24:30,56.6
2024-01-01 22:25:00,56.2
2024-01-01 22:25:30,56.1
2024-01-01 22:26:00,56.3
2024-01-01 22:26:30,56.7
2024-01-01 22:27:00,57.2
2024-01-01 22:27:30,57.5
2024-01-01 22:28:00,57.2
2024-01-01 22:28:30,56.5
2024-01-01 22:29:00,56.9
2024-01-01 22:29:30,57.4
2024-01-01 22:30:00,57.6
2024-01-01 22:30:30,58.0
2024-01-01 22:31:00,58.1
2024-01-01 22:31:30,57.8
2024-01-01 22:32:00,57.2
2024-01-01 22:32:30,57.0
2024-01-01 22:33:00,56.5
2024-01-01 22:33:30,56.4
2024-01-01 22:34:00,56.2
2024-01-01 22:34:30,56.8
2024-01-01 22:35:00,56.4
2024-01-01 22:35:30,56.8
2024-01-01 22:36:00,56.2
2024-01-01 22:36:30,55.2
2024-01-01 22:37:00,55.2
2024-01-01 22:37:30,54.8
2024-01-01 22:38:00,55.8
2024-01-01 22:38:30,56.0
2024-01-01 22:39:00,56.1
2024-01-01 22:39:30,56.2
2024-01-01 22:40:00,56.5
2024-01-01 22:40:30,55.8
2024-01-01 22:41:00,55.8
2024-01-01 22:41:30,56.7
2024-01-01 22:42:00,57.2
2024-01-01 22:42:30,56.8
2024-01-01 22:43:00,56.7
2024-01-01 22:43:30,56.3
2024-01-01 22:44:00,55.6
2024-01-01 22:44:30,55.7
2024-01-01 22:45:00,56.4
2024-01-01 22:45:30,56.7
2024-01-01 22:46:00,56.4
2024-01-01 22:46:30,55.7
2024-01-01 22:47:00,56.1
2024-01-01 22:47:30,55.3
2024-01-01 22:48:00,55.5
2024-01-01 22:48:30,55.8
2024-01-01 22:49:00,56.4
2024-01-01 22:49:30,56.3
2024-01-01 22:50:00,56.0
2024-01-01 22:50:30,55.7
2024-01-01 22:51:00,55.0
2024-01-01 22:51:30,54.6
2024-01-01 22:52:00,53.6
2024-01-01 22:52:30,54.0
2024-01-01 22:53:00,54.3
2024-01-01 22:53:30,54.3
2024-01-01 22:54:00,55.0
2024-01-01 22:54:30,55.4
2024-01-01 22:55:00,56.2
2024-01-01 22:55:30,56.0
2024-01-01 22:56:00,55.1
2024-01-01 22:56:30,54.6
2024-01-01 22:57:00,54.4
2024-01-01 22:57:30,54.3
2024-01-01 22:58:00,54.2
2024-01-01 22:58:30,53.9
2024-01-01 22:59:00,54.0
2024-01-01 22:59:30,54.5
2024-01-01 23:00:00,54.8
2024-01-01 23:00:30,54.4
2024-01-01 23:01:00,54.7
2024-01-01 23:01:30,54.4
2024-01-01 23:02:00,54.7
2024-01-01 23:02:30,54.9
2024-01-01 23:03:00,54.7
2024-01-01 23:03:30,54.5
2024-01-01 23:04:00,54.0
2024-01-01 23:04:30,53.9
2024-01-01 23:05:00,53.7
2024-01-01 23:05:30,53.4
2024-01-01 23:06:00,53.3
2024-01-01 23:06:30,52.9
2024-01-01 23:07:00,53.2
2024-01-01 23:07:30,53.4
2024-01-01 23:08:00,53.7
2024-01-01 23:08:30,53.8
2024-01-01 23:09:00,54.1
2024-01-01 23:09:30,54.4
2024-01-01 23:10:00,54.2
2024-01-01 23:10:30,53.3
2024-01-01 23:11:00,52.7
2024-01-01 23:11:30,52.6
2024-01-01 23:12:00,52.8
2024-01-01 23:12:30,52.9
2024-01-01 23:13:00,52.7
2024-01-01 23:13:30,52.6
2024-01-01 23:14:00,53.1
2024-01-01 23:14:30,53.6
2024-01-01 23:15:00,53.8
2024-01-01 23:15:30,53.2
2024-01-01 23:16:00,53.0
2024-01-01 23:16:30,52.7
2024-01-01 23:17:00,53.0
2024-01-01 23:17:30,52.8
2024-01-01 23:18:00,53.0
2024-01-01 23:18:30,52.4
2024-01-01 23:19:00,52.9
2024-01-01 23:19:30,53.7
2024-01-01 23:20:00,54.4
2024-01-01 23:20:30,55.0
2024-01-01 23:21:00,54.1
2024-01-01 23:21:30,52.9
2024-01-01 23:22:00,52.4
2024-01-01 23:22:30,51.9
2024-01-01 23:23:00,52.5
2024-01-01 23:23:30,52.6
2024-01-01 23:24:00,53.3
2024-01-01 23:24:30,52.8
2024-01-01 23:25:00,53.1
2024-01-01 23:25:30,53.1
2024-01-01 23:26:00,54.1
2024-01-01 23:26:30,54.0
2024-01-01 23:27:00,54.6
2024-01-01 23:27:30,54.2
2024-01-01 23:28:00,54.0
2024-01-01 23:28:30,53.3
2024-01-01 23:29:00,52.7
2024-01-01 23:29:30,52.0
2024-01-01 23:30:00,52.4
2024-01-01 23:30:30,52.8
2024-01-01 23:31:00,52.6
2024-01-01 23:31:30,52.3
2024-01-01 23:32:00,53.0
2024-01-01 23:32:30,53.9
2024-01-01 23:33:00,54.1
2024-01-01 23:33:30,53.5
2024-01-01 23:34:00,53.0
2024-01-01 23:34:30,52.0
2024-01-01 23:35:00,51.6
2024-01-01 23:35:30,51.9
2024-01-01 23:36:00,52.8
2024-01-01 23:36:30,52.6
2024-01-01 23:37:00,52.7
2024-01-01 23:37:30,53.0
2024-01-01 23:38:00,54.3
2024-01-01 23:38:30,54.6
2024-01-01 23:39:00,54.5
2024-01-01 23:39:30,53.1
2024-01-01 23:40:00,52.6
2024-01-01 23:40:30,51.8
2024-01-01 23:41:00,52.5
2024-01-01 23:41:30,51.7
2024-01-01 23:42:00,51.8
2024-01-01 23:42:30,51.2
2024-01-01 23:43:00,51.2
2024-01-01 23:43:30,51.1
2024-01-01 23:44:00,51.2
2024-01-01 23:44:30,51.5
2024-01-01 23:45:00,51.6
2024-01-01 23:45:30,52.0
2024-01-01 23:46:00,51.8
2024-01-01 23:46:30,52.3
2024-01-01 23:47:00,52.4
2024-01-01 23:47:30,51.8
2024-01-01 23:48:00,51.7
2024-01-01 23:48:30,51.9
2024-01-01 23:49:00,52.4
2024-01-01 23:49:30,52.2
2024-01-01 23:50:00,51.8
2024-01-01 23:50:30,51.8
2024-01-01 23:51:00,51.5
2024-01-01 23:51:30,52.0
2024-01-01 23:52:00,51.8
2024-01-01 23:52:30,51.4
2024-01-01 23:53:00,51.0
2024-01-01 23:53:30,51.2
2024-01-01 23:54:00,51.9
2024-01-01 23:54:30,52.3
2024-01-01 23:55:00,51.5
2024-01-01 23:55:30,51.2
2024-01-01 23:56:00,50.2
2024-01-01 23:56:30,50.5
2024-01-01 23:57:00,50.6
2024-01-01 23:57:30,50.5
2024-01-01 23:58:00,50.5
2024-01-01 23:58:30,50.7
2024-01-01 23:59:00,51.9
2024-01-01 23:59:30,51.1
